{"schema":"vicia.current-projection-feasibility.v1","facts":1000000,"samples":20,"graphBytes":265310208,"validAt":1784035231527,"baseline":{"samplesMs":[258.888318,259.493611,259.544271,259.60889,260.49888500000003,262.572175,262.82234700000004,263.411501,263.690912,264.06469799999996,264.261236,264.869593,266.51013,266.82765400000005,266.850461,266.981258,266.998499,267.234979,267.404438,269.842047],"p50Ms":264.261236,"p95Ms":269.842047,"count":1000000,"checksum":499999500000},"projection":{"buildMs":283.045161,"accountedBytes":30408721,"imageRatio":0.11461572183457035,"residentRssDeltaBytes":29048832,"queryRssDeltaBytes":0,"rowCount":1000000,"fingerprint":"7796f28e2d007c12","aggregate":{"samplesMs":[3.9694989999999994,3.971275,3.99334,3.993836,4.000743,4.003546999999999,4.011026,4.026027,4.027081,4.027668,4.032673,4.042935,4.043348000000001,4.067696,4.073023999999999,4.115468,4.135928,4.146442,4.14661,4.24406],"p50Ms":4.032673,"p95Ms":4.24406,"count":1000000,"checksum":499999500000}},"incremental":{"staleReadRejected":true,"refreshMs":0.104752,"refresh":{"tailFactsVisited":1,"touchedEntities":1,"replacementRows":1,"publicationGeneration":4,"txCount":1001},"count":1000001,"checksum":500000500000,"deterministicRebuild":true,"checkpointMs":2.450987,"checkpointStaleReadRejected":true,"checkpointRefreshMs":0.060801999999999995,"checkpointRefresh":{"tailFactsVisited":0,"touchedEntities":0,"replacementRows":0,"publicationGeneration":6,"txCount":1001},"productionCheckpointPathChanged":false,"checkpointRegressionPercent":0.0},"semantics":{"allValueTypes":true,"refValue":true,"assertRefresh":true,"scopedRetract":true,"unscopedRetract":true,"validWindow":true,"overlappingWindows":true,"staleReadRejected":true,"deterministicRebuild":true},"provenance":{"fileFormatChanged":false,"productionQueryRoutingChanged":false,"publicApiChanged":false,"sourceCommit":"853a8009243bd89e348188d59ba104abdbe0af13","sourceDirty":false}}
