{"schema":"vicia.temporal-current-projection.v1","facts":1000000,"samples":20,"graphBytes":247562240,"validTimeFloor":1735689599999,"probes":[{"name":"beforeBoundary","validAt":1735689599999,"baseline":{"samplesMs":[238.113141,238.370832,238.735531,239.704667,239.891945,240.47268799999998,240.584439,241.039272,241.356118,241.38342600000001,242.07063000000002,245.735617,246.03143699999998,246.401511,247.961818,248.49587200000002,249.17825599999998,250.488185,254.86945500000002,264.76001199999996],"p50Ms":241.38342600000001,"p95Ms":254.86945500000002,"count":500000,"checksum":249999500000},"projection":{"samplesMs":[8.938705,8.948668999999999,9.054909,9.080433000000001,9.102817,9.124467000000001,9.142135,9.150374,9.1727,9.175374,9.19003,9.207293,9.233501,9.289575,9.296918,9.312064,9.321034000000001,9.442641,9.48235,9.580669],"p50Ms":9.175374,"p95Ms":9.48235,"count":500000,"checksum":249999500000}},{"name":"atBoundary","validAt":1735689600000,"baseline":{"samplesMs":[255.41154999999998,255.45441200000002,255.69708899999998,255.83972799999998,256.03263999999996,256.955262,256.986857,257.928657,258.344077,258.360613,258.445226,258.790649,259.02867299999997,259.921666,260.55200299999996,263.339812,263.428141,266.123869,267.28109,270.27950899999996],"p50Ms":258.360613,"p95Ms":267.28109,"count":750000,"checksum":374999500000},"projection":{"samplesMs":[9.304267999999999,9.32314,9.357495,9.375105999999999,9.381752,9.385512,9.421292,9.434628,9.465728,9.483078,9.494204,9.510155,9.534400999999999,9.536405,9.539686,9.589839,9.641795,9.680832,9.74212,9.817043],"p50Ms":9.483078,"p95Ms":9.74212,"count":750000,"checksum":374999500000}},{"name":"afterBoundary","validAt":1735689600002,"baseline":{"samplesMs":[238.15982799999998,238.210205,238.706345,239.446349,241.226788,241.452399,241.82124,241.833716,241.889249,241.941872,242.360503,243.6632,244.37632000000002,244.624894,245.212315,245.56187300000002,245.729796,247.003754,249.77084499999998,251.955133],"p50Ms":241.941872,"p95Ms":249.77084499999998,"count":500000,"checksum":249999250000},"projection":{"samplesMs":[8.949535,8.976794,8.98729,8.998399000000001,9.040941,9.043538,9.061960000000001,9.067179999999999,9.114882,9.123638,9.146244,9.184927,9.214573999999999,9.316458999999998,9.446385999999999,9.511995,9.535584,9.737693,10.644714,12.601441999999999],"p50Ms":9.123638,"p95Ms":10.644714,"count":500000,"checksum":249999250000}}],"projection":{"buildMs":429.943848,"accountedBytes":34603025,"imageRatio":0.1397750521242658,"residentRssDeltaBytes":34865152,"queryRssDeltaBytes":131072,"rowCount":1000000,"fingerprint":"37a7869900e4b1b4","shape":{"distinctWindows":500002,"validFromPayloadBytes":2097152,"validToPayloadBytes":2097152,"temporalPayloadBytes":4194304}},"incremental":{"staleReadRejected":true,"refreshMs":0.10449,"refresh":{"tailFactsVisited":1,"touchedEntities":1,"replacementRows":1,"publicationGeneration":4,"txCount":1001},"count":500001,"checksum":250000250000,"deterministicRebuild":true,"checkpointStaleReadRejected":true,"checkpointRefresh":{"tailFactsVisited":0,"touchedEntities":0,"replacementRows":0,"publicationGeneration":6,"txCount":1001},"preFloorRejected":true,"noWriteBoundaryTransition":true,"productionCheckpointPathChanged":false},"semantics":{"allValueTypes":true,"refValue":true,"boundaryStartInclusive":true,"boundaryEndExclusive":true,"overlappingWindows":true,"scopedRetract":true,"unscopedRetract":true,"futureWindowRetained":true,"preFloorRejected":true,"staleReadRejected":true,"checkpointInvalidation":true,"deterministicRebuild":true},"provenance":{"fileFormatChanged":false,"productionQueryRoutingChanged":false,"publicApiChanged":false,"sourceCommit":"570204ad7d8157e33232c8608de6f5adbe29f2c8","sourceDirty":false}}
