{"schema":"vicia.current-projection-page-image.v1","facts":1000000,"samples":20,"graphBytes":247562240,"validTimeFloor":1735689599999,"identity":{"baseGeneration":1,"manifestGeneration":0,"txCount":1000},"image":{"logicalBytes":33019889,"paddedBytes":33038336,"paddingBytes":18447,"pageCount":8066,"imageRatio":0.13345466578424883,"rowCount":1000000,"fingerprint":"37a7869900e4b1b4"},"encode":{"samplesMs":[312.55706399999997,313.314299,314.541672,314.96872199999996,315.167429,315.542628,315.891768,316.85878299999996,316.897298,317.281211,317.424561,317.56116000000003,318.05992100000003,318.06849,318.262255,320.84828300000004,322.474112,336.485704,347.396573,347.401243],"p50Ms":317.281211,"p95Ms":347.396573},"decode":{"samplesMs":[69.078312,69.18319000000001,70.00745599999999,70.41694199999999,70.70997,70.71968700000001,71.048843,71.173624,71.30603,71.530142,71.54037000000001,71.629655,71.872505,71.934426,72.007024,74.577047,76.011124,77.248598,78.651949,81.818332],"p50Ms":71.530142,"p95Ms":78.651949},"maintenancePeakRssDeltaBytes":114139136,"queryRssDeltaBytes":131072,"probes":[{"name":"beforeBoundary","validAt":1735689599999,"baseline":{"samplesMs":[249.058898,251.07433899999998,251.14283799999998,251.58564,251.85070100000002,252.50379,252.632081,253.668836,254.51014999999998,254.59373000000002,255.189365,257.685333,258.536894,258.662248,258.760964,260.06792099999996,260.396574,261.22304099999997,266.197762,269.741966],"p50Ms":254.59373000000002,"p95Ms":266.197762,"count":500000,"checksum":249999500000},"projection":{"samplesMs":[9.025412,9.046966,9.078842999999999,9.125621,9.138703999999999,9.170033,9.178317999999999,9.191009,9.194246999999999,9.198611000000001,9.238304,9.269191,9.325673,9.364584,9.393564,9.55203,9.561109,9.569348,9.592162,11.18565],"p50Ms":9.198611000000001,"p95Ms":9.592162,"count":500000,"checksum":249999500000}},{"name":"atBoundary","validAt":1735689600000,"baseline":{"samplesMs":[266.76872699999996,271.453902,271.548841,271.580647,271.686109,271.993311,273.064626,273.38237100000003,273.43864299999996,273.58911,275.022793,275.696126,275.70452,276.198357,276.382388,276.53016,277.26410699999997,277.38528099999996,277.834692,283.512993],"p50Ms":273.58911,"p95Ms":277.834692,"count":750000,"checksum":374999500000},"projection":{"samplesMs":[9.358407,9.399928000000001,9.408232,9.419967,9.46284,9.5154,9.533871,9.553337,9.556412,9.572317,9.575181,9.637224999999999,9.657347999999999,9.667722999999999,9.746592999999999,9.774965,9.884305,11.495934,11.847865,13.484134],"p50Ms":9.572317,"p95Ms":11.847865,"count":750000,"checksum":374999500000}},{"name":"afterBoundary","validAt":1735689600002,"baseline":{"samplesMs":[247.673085,247.828623,248.38118,250.07963300000003,250.10934600000002,250.271085,250.91242400000002,251.06217600000002,251.20230999999998,251.337969,251.980882,253.559902,254.77492600000002,255.245016,255.480944,257.078262,257.65911200000005,257.82726,258.277498,259.368436],"p50Ms":251.337969,"p95Ms":258.277498,"count":500000,"checksum":249999250000},"projection":{"samplesMs":[9.068111,9.09075,9.09294,9.136048,9.233992,9.234546,9.262763999999999,9.264562,9.297056999999999,9.305608,9.352704999999998,9.387991999999999,9.446382999999999,9.467995,9.499879,9.547258,9.628268,9.655887,9.704192,9.777775],"p50Ms":9.305608,"p95Ms":9.704192,"count":500000,"checksum":249999250000}}],"proof":{"roundTrip":true,"deterministicRebuild":true,"overlayFlatten":true,"productionQueryRoutingChanged":false,"publicApiChanged":false,"fileFormatChanged":false},"provenance":{"fileFormatChanged":false,"productionQueryRoutingChanged":false,"publicApiChanged":false,"sourceCommit":"570204ad7d8157e33232c8608de6f5adbe29f2c8","sourceDirty":false}}
