{"schema":"vicia.ref-db-bench.v4","engine":"cozo","role":"embedded Datalog peer","executionBoundary":"engineAggregate","facts":1000000,"buildMs":9733.337264,"pointReadSamplesMs":[0.103654,0.086757,0.084388,0.085486,0.07917,0.082704,0.085669,0.083387,0.081856,0.081347,0.090762,0.080085,0.11597700000000001,0.12421900000000001,0.144929,0.129841,0.093824,0.090502,0.08519800000000001,0.088606],"aggregateSamplesMs":[383.317029,381.038707,487.46686,693.585508,474.096705,385.138433,368.529471,375.410645,548.71406,683.559499,577.017683,382.23524100000003,392.043706,408.085351,410.717639,403.20241200000004,487.179197,684.6546060000001,545.583629,413.580148],"count":1000000,"checksum":499999500000,"memory":{"aggregateSamplesMs":[426.656708,403.630991,393.104356,504.926658,569.187405,524.88773,394.796083,369.156003,481.333643,504.831935,561.5970689999999,401.883449,621.49797,723.255113,528.8092089999999,386.042636,507.333204,699.234676,699.448709,599.01461],"count":1000000,"checksum":499999500000,"openBaselineRssBytes":14548992,"workloadPeakRssBytes":19529728,"workloadDeltaRssBytes":4980736,"retainedRssBytes":4980736,"baselineBreakdown":{"anonymousRssBytes":4214784,"fileBackedRssBytes":10518528,"heapMappingRssBytes":389120,"databaseMappedRssBytes":0},"retainedBreakdown":{"anonymousRssBytes":6545408,"fileBackedRssBytes":13533184,"heapMappingRssBytes":2371584,"databaseMappedRssBytes":0},"retainedDeltaBreakdown":{"anonymousRssBytes":2330624,"fileBackedRssBytes":3014656,"heapMappingRssBytes":1982464,"databaseMappedRssBytes":0}},"storageBytes":81993728}
