{"schema":"vicia.ref-db-bench.v4","engine":"fjall","role":"LSM KV storage floor","executionBoundary":"ownedResultScan","facts":1000000,"buildMs":409.39857,"pointReadSamplesMs":[0.000692,0.000521,0.00043099999999999996,0.00042100000000000004,0.000411,0.000401,0.000411,0.000411,0.000401,0.000411,0.000411,0.000411,0.000412,0.00043099999999999996,0.000411,0.000451,0.000442,0.000401,0.00046100000000000004,0.000411],"aggregateSamplesMs":[122.55503,121.80785900000001,160.214425,145.067812,142.269905,143.733284,144.343685,143.683122,149.96783499999998,140.287175,143.01050800000002,142.251305,143.87213,143.935386,146.254712,147.11269499999997,148.70905100000002,146.36939099999998,147.264126,149.64586599999998],"count":1000000,"checksum":499999500000,"memory":{"aggregateSamplesMs":[238.395508,229.742978,207.006944,226.896384,210.056522,217.533458,212.750582,231.796161,285.32425300000006,290.194775,290.521772,307.726015,292.50239300000004,349.39486899999997,303.503252,228.151448,201.689452,218.510906,202.173541,276.915986],"count":1000000,"checksum":499999500000,"openBaselineRssBytes":113770496,"workloadPeakRssBytes":128188416,"workloadDeltaRssBytes":14417920,"retainedRssBytes":14417920,"baselineBreakdown":{"anonymousRssBytes":105435136,"fileBackedRssBytes":8572928,"heapMappingRssBytes":101564416,"databaseMappedRssBytes":0},"retainedBreakdown":{"anonymousRssBytes":119906304,"fileBackedRssBytes":8572928,"heapMappingRssBytes":116035584,"databaseMappedRssBytes":0},"retainedDeltaBreakdown":{"anonymousRssBytes":14471168,"fileBackedRssBytes":0,"heapMappingRssBytes":14471168,"databaseMappedRssBytes":0}},"storageBytes":52458797}
