{"schema":"vicia.ref-db-bench.v4","engine":"grafeo","role":"embedded graph query peer","executionBoundary":"engineAggregate","facts":1000000,"buildMs":12671.490867999999,"pointReadSamplesMs":[723.997484,748.354288,764.0889199999999,756.345287,696.0818330000001,734.8164069999999,727.691733,773.974831,753.412247,762.87902,744.338069,771.68035,705.558771,723.88759,712.002484,784.241139,745.14342,784.390512,789.2548,863.348821],"aggregateSamplesMs":[982.903713,936.8553979999999,896.7978049999999,958.2281409999999,967.411965,994.517668,1001.5183679999999,962.203791,994.770106,931.0296569999999,922.134422,897.240793,1001.352024,1013.878127,981.038204,911.1258770000001,933.596585,905.872304,887.080349,876.486319],"count":1000000,"checksum":499999500000,"memory":{"aggregateSamplesMs":[775.472065,788.390403,764.1187940000001,783.406751,789.036043,758.627683,766.718471,840.71909,746.899258,754.04288,787.444385,768.9800740000001,758.623098,759.0443140000001,755.566371,802.161121,785.405182,798.5460290000001,810.6951959999999,773.543851],"count":1000000,"checksum":499999500000,"openBaselineRssBytes":698040320,"workloadPeakRssBytes":1058037760,"workloadDeltaRssBytes":359997440,"retainedRssBytes":2228224,"baselineBreakdown":{"anonymousRssBytes":688476160,"fileBackedRssBytes":9699328,"heapMappingRssBytes":290983936,"databaseMappedRssBytes":0},"retainedBreakdown":{"anonymousRssBytes":688500736,"fileBackedRssBytes":11993088,"heapMappingRssBytes":290983936,"databaseMappedRssBytes":0},"retainedDeltaBreakdown":{"anonymousRssBytes":24576,"fileBackedRssBytes":2293760,"heapMappingRssBytes":0,"databaseMappedRssBytes":0}},"storageBytes":72473722}
