{"schema":"vicia.ref-db-bench.v4","engine":"redb","role":"B-tree KV storage floor","executionBoundary":"ownedResultScan","facts":1000000,"buildMs":1857.4421949999999,"pointReadSamplesMs":[0.0005700000000000001,0.000472,0.00042500000000000003,0.00039499999999999995,0.00042500000000000003,0.00042500000000000003,0.000463,0.00039499999999999995,0.00045400000000000003,0.000396,0.000443,0.00045400000000000003,0.00045400000000000003,0.000443,0.000406,0.000406,0.000377,0.000424,0.000405,0.000405],"aggregateSamplesMs":[29.913714000000002,34.809374,34.975406,30.057609,31.090881,29.391595,29.197991,29.305473,30.010307,29.22076,33.352929,28.611132,30.996889,38.018696999999996,31.540551,36.357701999999996,32.403845000000004,28.861912999999998,28.64174,29.080538999999998],"count":1000000,"checksum":499999500000,"memory":{"aggregateSamplesMs":[60.619347,29.45617,29.116812,29.761249,29.254708,30.019537,28.130829,28.739128,28.209634,28.847354,28.905334,29.243244,28.825487,29.539211,28.93467,33.03213,37.326169,28.415788,30.043183000000003,35.377244000000005],"count":1000000,"checksum":499999500000,"openBaselineRssBytes":11665408,"workloadPeakRssBytes":45613056,"workloadDeltaRssBytes":33947648,"retainedRssBytes":33947648,"baselineBreakdown":{"anonymousRssBytes":3944448,"fileBackedRssBytes":7925760,"heapMappingRssBytes":122880,"databaseMappedRssBytes":0},"retainedBreakdown":{"anonymousRssBytes":37814272,"fileBackedRssBytes":8056832,"heapMappingRssBytes":33992704,"databaseMappedRssBytes":0},"retainedDeltaBreakdown":{"anonymousRssBytes":33869824,"fileBackedRssBytes":131072,"heapMappingRssBytes":33869824,"databaseMappedRssBytes":0}},"storageBytes":40636416}
