{"schema":"vicia.ref-db-bench.v4","engine":"turso","role":"embedded SQL peer","executionBoundary":"engineAggregate","facts":1000000,"buildMs":9886.34727,"pointReadSamplesMs":[0.012596,0.007906,0.006703,0.006355,0.006105,0.006135,0.006095,0.0060290000000000005,0.00597,0.0060090000000000005,0.006019,0.005922,0.006134,0.006087,0.006327,0.006135,0.006,0.006086,0.006086,0.006048],"aggregateSamplesMs":[86.147611,86.85822399999999,151.83112200000002,155.572362,146.531876,153.18330799999998,152.916715,148.242875,149.307539,153.53108600000002,121.973603,81.60250099999999,83.615816,98.909206,97.051082,85.840704,97.796217,96.024544,95.55662,86.226099],"count":1000000,"checksum":499999500000,"memory":{"aggregateSamplesMs":[106.735442,83.44832000000001,84.257248,85.67522199999999,101.08291,87.768229,91.380238,141.120517,148.46331700000002,148.97821,132.16993499999998,117.487285,116.687748,111.98778,102.67214,114.212547,121.8074,115.32467,115.478532,115.593962],"count":1000000,"checksum":499999500000,"openBaselineRssBytes":19185664,"workloadPeakRssBytes":29802496,"workloadDeltaRssBytes":10616832,"retainedRssBytes":10616832,"baselineBreakdown":{"anonymousRssBytes":6160384,"fileBackedRssBytes":13168640,"heapMappingRssBytes":233472,"databaseMappedRssBytes":0},"retainedBreakdown":{"anonymousRssBytes":13795328,"fileBackedRssBytes":16371712,"heapMappingRssBytes":5820416,"databaseMappedRssBytes":0},"retainedDeltaBreakdown":{"anonymousRssBytes":7634944,"fileBackedRssBytes":3203072,"heapMappingRssBytes":5586944,"databaseMappedRssBytes":0}},"storageBytes":12125128}
