{"schema":"vicia.ref-db-bench.v4","engine":"vicia","role":"bi-temporal Datalog product","executionBoundary":"engineAggregate","facts":1000000,"buildMs":9024.759824,"pointReadSamplesMs":[0.019358999999999998,0.019255,0.015672,0.011787,0.012588,0.011014,0.011004,0.010994,0.011023,0.011287,0.010834,0.010806,0.010891,0.010258999999999999,0.010985,0.011098,0.01059,0.010391,0.010589,0.010768],"aggregateSamplesMs":[355.30345600000004,339.599488,354.599992,354.725147,354.194697,360.37577300000004,342.490795,346.03162599999996,342.96351699999997,339.857446,344.131855,332.58865,328.810842,319.297734,324.163811,329.043072,340.242194,330.022838,334.08837600000004,333.392723],"count":1000000,"checksum":499999500000,"memory":{"aggregateSamplesMs":[323.038858,312.83218400000004,309.42818500000004,305.489028,317.985454,315.09722600000003,314.190154,344.72045,337.633968,341.448036,325.190203,312.117482,326.823602,331.48792399999996,320.530467,321.820991,322.567044,320.063741,328.354606,320.751466],"count":1000000,"checksum":499999500000,"openBaselineRssBytes":12500992,"workloadPeakRssBytes":13942784,"workloadDeltaRssBytes":1441792,"retainedRssBytes":1441792,"baselineBreakdown":{"anonymousRssBytes":4251648,"fileBackedRssBytes":8474624,"heapMappingRssBytes":86016,"databaseMappedRssBytes":0},"retainedBreakdown":{"anonymousRssBytes":5373952,"fileBackedRssBytes":8880128,"heapMappingRssBytes":1208320,"databaseMappedRssBytes":0},"retainedDeltaBreakdown":{"anonymousRssBytes":1122304,"fileBackedRssBytes":405504,"heapMappingRssBytes":1122304,"databaseMappedRssBytes":0}},"storageBytes":354775040}
