{
  "schema": "vicia.vetch-ledger-caller-browser-receipt.v1",
  "passed": true,
  "fixture": "/target/h0-ledger-caller-browser/base-1000000.graph",
  "samples": 20,
  "provenance": {
    "sourceCommit": "f1beb28a086e2e4dc95b1685b4ecf04be99ef621",
    "sourceDirty": false,
    "wasmSha256": "836bc93870097f2694f3b0a6ddffdebf9a37fcc8ecac20e0be50b20f82ca4b56"
  },
  "evidence": {
    "imported": {
      "fixtureBytes": 278089728,
      "fetchMs": 724.1,
      "openEmptyMs": 40.3,
      "importMs": 8675.7,
      "totalMs": 9440.1,
      "heapBeforeBytes": 979936,
      "heapAfterBytes": 279199236,
      "stats": {
        "idbCount": 67893,
        "headerVersion": 12,
        "headerPageCount": 67893,
        "headerNodeCount": 1000000
      }
    },
    "measured": {
      "result": {
        "schema": "vicia.vetch-ledger-caller-browser.v1",
        "fixtureSchema": "vicia.vetch-ledger-caller-fixture.v1",
        "samples": 20,
        "scenarios": [
          {
            "id": "cards.move",
            "measurements": {
              "callerEncodingMs": [
                0.19999998807907104,
                0,
                0,
                0,
                0,
                0,
                0,
                0,
                0,
                0.09999999403953552,
                0.09999999403953552,
                0,
                0.09999999403953552,
                0,
                0.09999999403953552,
                0,
                0,
                0,
                0,
                0
              ],
              "preparationMs": [
                0,
                0,
                0,
                0,
                0,
                0,
                0,
                0,
                0,
                0,
                0,
                0,
                0,
                0,
                1,
                0,
                0,
                0,
                0,
                0
              ],
              "mutationMs": [
                3,
                1,
                0,
                1,
                1,
                0,
                0,
                1,
                1,
                1,
                1,
                0,
                1,
                1,
                0,
                1,
                1,
                0,
                1,
                1
              ],
              "publicationMs": [
                5,
                0,
                1,
                1,
                1,
                1,
                1,
                1,
                1,
                1,
                0,
                2,
                1,
                0,
                1,
                1,
                0,
                1,
                1,
                1
              ],
              "executeAtomicMs": [
                9.200000017881393,
                1.7999999821186066,
                1.5999999940395355,
                1.5999999940395355,
                1.5999999940395355,
                1.699999988079071,
                1.4000000059604645,
                1.5999999940395355,
                1.800000011920929,
                1.800000011920929,
                1.5,
                2.5,
                1.699999988079071,
                1.5,
                1.5,
                1.5999999940395355,
                1.800000011920929,
                1.5999999940395355,
                1.9000000059604645,
                1.5999999940395355
              ],
              "resultDecodeMs": [
                0,
                0,
                0,
                0,
                0,
                0,
                0,
                0,
                0,
                0,
                0,
                0,
                0,
                0,
                0,
                0,
                0,
                0,
                0,
                0
              ],
              "proofReadMs": [
                6.0999999940395355,
                0.20000001788139343,
                0.09999999403953552,
                0.10000002384185791,
                0.09999999403953552,
                0.20000001788139343,
                0.09999999403953552,
                0.19999998807907104,
                0,
                0.09999999403953552,
                0.10000002384185791,
                0,
                0.09999999403953552,
                0.10000002384185791,
                0.09999999403953552,
                0,
                0.09999999403953552,
                0.09999999403953552,
                0.20000001788139343,
                0
              ]
            },
            "heapBeforeBytes": 279475760,
            "heapAfterBytes": 2241496,
            "heapDeltaBytes": -277234264
          },
          {
            "id": "condense.admit",
            "measurements": {
              "callerEncodingMs": [
                0,
                0,
                0,
                0,
                0,
                0,
                0,
                0,
                0.09999999403953552,
                0,
                0,
                0,
                0,
                0,
                0.09999999403953552,
                0.09999999403953552,
                0,
                0.10000002384185791,
                0,
                0
              ],
              "preparationMs": [
                0,
                0,
                0,
                0,
                0,
                0,
                0,
                0,
                0,
                0,
                0,
                0,
                0,
                0,
                0,
                0,
                0,
                0,
                0,
                0
              ],
              "mutationMs": [
                1,
                0,
                1,
                0,
                1,
                0,
                0,
                1,
                0,
                1,
                0,
                1,
                0,
                1,
                0,
                1,
                0,
                1,
                1,
                0
              ],
              "publicationMs": [
                1,
                1,
                1,
                1,
                1,
                1,
                1,
                1,
                1,
                1,
                1,
                1,
                1,
                1,
                1,
                1,
                1,
                1,
                0,
                1
              ],
              "executeAtomicMs": [
                1.600000023841858,
                1.4000000059604645,
                1.4000000059604645,
                1.5,
                1.5,
                1.7000000178813934,
                1.5,
                1.5,
                1.5,
                1.4000000059604645,
                1.5,
                1.4000000059604645,
                1.300000011920929,
                1.5,
                1.7000000178813934,
                2,
                1.5999999940395355,
                1.5,
                1.5,
                1.5
              ],
              "resultDecodeMs": [
                0.09999999403953552,
                0,
                0,
                0,
                0,
                0,
                0,
                0,
                0,
                0,
                0,
                0,
                0,
                0,
                0,
                0,
                0,
                0,
                0,
                0
              ],