{
  "schema": "vicia.leaf-read-path.v1",
  "profile": "full",
  "facts": 1000000,
  "sourceCommit": "eee4dae52bc3ac81e40e37953dd21861851b92ad",
  "sourceDirty": false,
  "fixture": {
    "path": "/home/upopo/projects/vicia-db/.worktrees/v12-prefix-leaf/target/leaf-read-path/shared/fill-90-v12-1000000.graph",
    "bytes": 278089728,
    "sha256": "d24db31efb8791bd643ef2a53bf5060b9be94a82394226b600e23c1f4a016784",
    "fillPercent": 90,
    "formatVersion": 12
  },
  "point": {
    "samplesMsPerOperation": [
      0.019894560000000002,
      0.0192819,
      0.01881652,
      0.021908890000000004,
      0.01898762,
      0.018669775000000003,
      0.019593785000000002,
      0.018805429999999998,
      0.018734495,
      0.019731035,
      0.020498125,
      0.01925079,
      0.018879464999999998,
      0.019047224999999997,
      0.018666435000000002,
      0.018709585,
      0.01880809,
      0.018868415,
      0.0186502,
      0.018715125000000003
    ],
    "rawSingleQuerySamplesMs": [
      0.030883999999999998,
      0.018332,
      0.019188,
      0.021064,
      0.018512,
      0.01917,
      0.018241,
      0.018945,
      0.018034,
      0.018215000000000002,
      0.018332,
      0.01853,
      0.018187000000000002,
      0.018314,
      0.018909000000000002,
      0.018170000000000002,
      0.018070000000000003,
      0.017943999999999998,
      0.018143,
      0.018638000000000002
    ],
    "diagnostics": {
      "internalPagesVisited": 3,
      "leafPagesVisited": 1,
      "rawLeafPagesVisited": 1,
      "prefixLeafPagesVisited": 0,
      "leafEntriesAvailable": 51,
      "leafEntriesDecoded": 51,
      "leafEntriesEmitted": 1,
      "leafEntriesSkipped": 25,
      "lowerBoundKeyComparisons": 27,
      "prefixRestartBlocksReconstructed": 0,
      "prefixEntriesReconstructed": 0,
      "reconstructedKeyBytes": 0,
      "fullLeafVecPeakEntries": 51,
      "fullLeafVecPeakStructBytes": 6120,
      "fullLeafVecPeakDecodedPayloadBytes": 3408,
      "rawDecodeElapsedNs": 8846,
      "prefixDecodeElapsedNs": 0,
      "earlyStopCount": 0,
      "leafBoundaryTransitions": 0
    }
  },
  "aggregate": {
    "samplesMs": [
      444.39469199999996,
      434.073352,
      432.620505,
      434.768541,
      428.410908,
      438.796178,
      426.30965199999997,
      435.79577600000005,
      428.16240700000003,
      431.709353,
      424.578339,
      426.134827,
      431.714266,
      430.068474,
      445.078752,
      432.492203,
      432.831027,
      432.689554,
      442.436871,
      428.09636
    ],
    "count": 1000000,
    "checksum": 499999500000,
    "openBaselineRssBytes": 3047424,
    "workloadPeakRssBytes": 4227072,
    "workloadDeltaRssBytes": 1179648,
    "diagnostics": {
      "internalPagesVisited": 3,
      "leafPagesVisited": 16667,
      "rawLeafPagesVisited": 0,
      "prefixLeafPagesVisited": 16667,
      "leafEntriesAvailable": 1000000,
      "leafEntriesDecoded": 1000000,
      "leafEntriesEmitted": 1000000,
      "leafEntriesSkipped": 0,
      "lowerBoundKeyComparisons": 1000000,
      "prefixRestartBlocksReconstructed": 66667,
      "prefixEntriesReconstructed": 1000000,
      "reconstructedKeyBytes": 66864376,
      "fullLeafVecPeakEntries": 60,
      "fullLeafVecPeakStructBytes": 7200,
      "fullLeafVecPeakDecodedPayloadBytes": 4020,
      "rawDecodeElapsedNs": 0,
      "prefixDecodeElapsedNs": 170533243,
      "earlyStopCount": 0,
      "leafBoundaryTransitions": 16666
    }
  }
}
