{
  "schema": "vicia.leaf-read-path.v1",
  "profile": "full",
  "facts": 1000000,
  "sourceCommit": "82d1a4b0aaf6769eef100c0ea32f6a7156b7fd13",
  "sourceDirty": false,
  "fixture": {
    "path": "/home/upopo/projects/vicia-db/.worktrees/v12-prefix-leaf/target/leaf-read-path/shared/fill-90-v12-1000000.graph",
    "bytes": 278089728,
    "sha256": "d24db31efb8791bd643ef2a53bf5060b9be94a82394226b600e23c1f4a016784",
    "fillPercent": 90,
    "formatVersion": 12
  },
  "point": {
    "samplesMsPerOperation": [
      0.010660285,
      0.010106500000000001,
      0.01063179,
      0.01019018,
      0.01047007,
      0.012137855,
      0.01028513,
      0.010430805000000001,
      0.009960565,
      0.010498879999999999,
      0.010874710000000001,
      0.01028157,
      0.010033640000000002,
      0.010243475,
      0.010134585,
      0.010213085,
      0.009902085,
      0.01022165,
      0.010347119999999998,
      0.01061741
    ],
    "rawSingleQuerySamplesMs": [
      0.010045,
      0.01027,
      0.010208,
      0.010145,
      0.010152999999999999,
      0.009918999999999999,
      0.017025000000000002,
      0.009973,
      0.009783,
      0.009955,
      0.009775,
      0.010108,
      0.009828,
      0.009973,
      0.009955,
      0.00973,
      0.010036,
      0.009729,
      0.009775,
      0.009748
    ],
    "diagnostics": {
      "internalPagesVisited": 3,
      "leafPagesVisited": 1,
      "rawLeafPagesVisited": 1,
      "prefixLeafPagesVisited": 0,
      "leafEntriesAvailable": 51,
      "leafEntriesDecoded": 7,
      "leafEntriesEmitted": 1,
      "leafEntriesSkipped": 25,
      "lowerBoundKeyComparisons": 5,
      "prefixRestartBlocksReconstructed": 0,
      "prefixEntriesReconstructed": 0,
      "reconstructedKeyBytes": 0,
      "fullLeafVecPeakEntries": 0,
      "fullLeafVecPeakStructBytes": 0,
      "fullLeafVecPeakDecodedPayloadBytes": 0,
      "rawDecodeElapsedNs": 1191,
      "prefixDecodeElapsedNs": 0,
      "earlyStopCount": 0,
      "leafBoundaryTransitions": 0
    }
  },
  "aggregate": {
    "samplesMs": [
      422.02745600000003,
      413.62199599999997,
      432.50471200000004,
      419.94773000000004,
      426.917711,
      421.337802,
      425.731782,
      419.07289599999996,
      414.316421,
      424.027375,
      414.566968,
      422.168206,
      418.905744,
      420.50408500000003,
      414.17406,
      414.743802,
      423.309395,
      417.331011,
      410.802897,
      415.679304
    ],
    "count": 1000000,
    "checksum": 499999500000,
    "openBaselineRssBytes": 3051520,
    "workloadPeakRssBytes": 4231168,
    "workloadDeltaRssBytes": 1179648,
    "diagnostics": {
      "internalPagesVisited": 3,
      "leafPagesVisited": 16667,
      "rawLeafPagesVisited": 0,
      "prefixLeafPagesVisited": 16667,
      "leafEntriesAvailable": 1000000,
      "leafEntriesDecoded": 1000003,
      "leafEntriesEmitted": 1000000,
      "leafEntriesSkipped": 0,
      "lowerBoundKeyComparisons": 4,
      "prefixRestartBlocksReconstructed": 66670,
      "prefixEntriesReconstructed": 1000003,
      "reconstructedKeyBytes": 66864577,
      "fullLeafVecPeakEntries": 0,
      "fullLeafVecPeakStructBytes": 0,
      "fullLeafVecPeakDecodedPayloadBytes": 0,
      "rawDecodeElapsedNs": 0,
      "prefixDecodeElapsedNs": 177421523,
      "earlyStopCount": 0,
      "leafBoundaryTransitions": 16666
    }
  }
}
