{"schema":"vicia.ref-db-bench.v3","engine":"cozo","role":"embedded Datalog peer","executionBoundary":"engineAggregate","facts":1000000,"buildMs":7642.776849,"readMs":0.189593,"aggregateSamplesMs":[376.44271499999996,417.615954,381.57978199999997,377.290649,410.394956,379.701552,407.22009799999995,390.68176900000003,384.791008,431.136436,386.89628700000003,370.650466,380.634102,376.57583,391.945463,391.586832,386.25344099999995,375.10835199999997,378.65632300000004,374.822544],"count":1000000,"checksum":499999500000,"memory":{"aggregateSamplesMs":[388.700378,389.192437,393.052367,383.60642499999994,407.079461,404.201401,369.394572,396.193914,381.4886719999999,413.594259,379.706021,379.743204,382.586134,372.491893,372.912478,395.67895,375.738215,380.415826,409.054494,380.856934],"count":1000000,"checksum":499999500000,"openBaselineRssBytes":14548992,"workloadPeakRssBytes":19660800,"workloadDeltaRssBytes":5111808,"retainedRssBytes":5111808,"baselineBreakdown":{"anonymousRssBytes":4210688,"fileBackedRssBytes":10571776,"heapMappingRssBytes":389120,"databaseMappedRssBytes":0},"retainedBreakdown":{"anonymousRssBytes":6541312,"fileBackedRssBytes":13520896,"heapMappingRssBytes":2371584,"databaseMappedRssBytes":0},"retainedDeltaBreakdown":{"anonymousRssBytes":2330624,"fileBackedRssBytes":2949120,"heapMappingRssBytes":1982464,"databaseMappedRssBytes":0}},"storageBytes":81993728}
