{"schema":"vicia.ref-db-bench.v3","engine":"fjall","role":"LSM KV storage floor","executionBoundary":"ownedResultScan","facts":1000000,"buildMs":424.867823,"readMs":0.008492,"aggregateSamplesMs":[120.714498,117.491554,119.62490700000001,159.663681,141.709756,142.623018,141.053889,137.581834,142.21389200000002,143.111391,146.448238,142.766902,143.818922,142.953188,142.796126,140.912511,145.791024,143.571168,145.53698,139.217914],"count":1000000,"checksum":499999500000,"memory":{"aggregateSamplesMs":[227.756438,210.158989,216.783016,217.323173,213.897264,220.588572,210.507088,213.693519,217.525172,210.326175,213.591718,221.68881,215.367749,217.572393,214.145529,220.832804,218.598032,231.662019,221.446342,221.084202],"count":1000000,"checksum":499999500000,"openBaselineRssBytes":113508352,"workloadPeakRssBytes":127926272,"workloadDeltaRssBytes":14417920,"retainedRssBytes":14417920,"baselineBreakdown":{"anonymousRssBytes":105435136,"fileBackedRssBytes":8556544,"heapMappingRssBytes":101568512,"databaseMappedRssBytes":0},"retainedBreakdown":{"anonymousRssBytes":119906304,"fileBackedRssBytes":8556544,"heapMappingRssBytes":116039680,"databaseMappedRssBytes":0},"retainedDeltaBreakdown":{"anonymousRssBytes":14471168,"fileBackedRssBytes":0,"heapMappingRssBytes":14471168,"databaseMappedRssBytes":0}},"storageBytes":52458797}
