{"schema":"vicia.ref-db-bench.v3","engine":"grafeo","role":"embedded graph query peer","executionBoundary":"engineAggregate","facts":1000000,"buildMs":11467.390384,"readMs":824.8282449999999,"aggregateSamplesMs":[907.202701,920.671373,1070.844502,963.803674,872.7791040000001,944.050598,920.799601,914.93956,927.908029,920.342645,903.334948,959.10985,961.141787,911.156234,889.683392,945.066509,913.255404,884.144413,950.381868,1006.07095],"count":1000000,"checksum":499999500000,"memory":{"aggregateSamplesMs":[957.717076,918.38742,900.845515,928.198566,928.672837,894.564106,905.88701,1033.607158,905.711638,917.918469,934.617714,955.526922,990.494029,897.077306,922.942614,921.439426,923.729727,953.571315,962.750423,909.751602],"count":1000000,"checksum":499999500000,"openBaselineRssBytes":698638336,"workloadPeakRssBytes":1058770944,"workloadDeltaRssBytes":360132608,"retainedRssBytes":2359296,"baselineBreakdown":{"anonymousRssBytes":689074176,"fileBackedRssBytes":9842688,"heapMappingRssBytes":290983936,"databaseMappedRssBytes":0},"retainedBreakdown":{"anonymousRssBytes":689098752,"fileBackedRssBytes":12201984,"heapMappingRssBytes":290983936,"databaseMappedRssBytes":0},"retainedDeltaBreakdown":{"anonymousRssBytes":24576,"fileBackedRssBytes":2359296,"heapMappingRssBytes":0,"databaseMappedRssBytes":0}},"storageBytes":72473722}
