{"schema":"vicia.ref-db-bench.v3","engine":"redb","role":"B-tree KV storage floor","executionBoundary":"ownedResultScan","facts":1000000,"buildMs":1929.2326549999998,"readMs":0.004903,"aggregateSamplesMs":[49.606139,47.911673,47.261388000000004,46.557452999999995,49.53843,47.067212999999995,50.399205,53.698285,50.371292999999994,47.556638,51.407666,47.701014,47.072466,47.037501,50.192059,47.50921,47.315747,50.248688,46.801734999999994,47.015208],"count":1000000,"checksum":499999500000,"memory":{"aggregateSamplesMs":[82.342099,50.119743,46.466837,46.142467,49.116853,47.142719,51.49185,48.627151,51.240424,45.535436,49.66581,45.690435,53.970214000000006,45.185739000000005,46.480353,46.324605,46.802513,47.492849,48.891801,50.914339000000005],"count":1000000,"checksum":499999500000,"openBaselineRssBytes":11665408,"workloadPeakRssBytes":45875200,"workloadDeltaRssBytes":34209792,"retainedRssBytes":34209792,"baselineBreakdown":{"anonymousRssBytes":3936256,"fileBackedRssBytes":8073216,"heapMappingRssBytes":122880,"databaseMappedRssBytes":0},"retainedBreakdown":{"anonymousRssBytes":37806080,"fileBackedRssBytes":8335360,"heapMappingRssBytes":33992704,"databaseMappedRssBytes":0},"retainedDeltaBreakdown":{"anonymousRssBytes":33869824,"fileBackedRssBytes":262144,"heapMappingRssBytes":33869824,"databaseMappedRssBytes":0}},"storageBytes":40636416}
