{"schema":"vicia.ref-db-bench.v3","engine":"turso","role":"embedded SQL peer","executionBoundary":"engineAggregate","facts":1000000,"buildMs":7218.794849,"readMs":0.171257,"aggregateSamplesMs":[92.660377,79.359799,85.327516,83.46199999999999,87.419088,83.16257300000001,80.441438,84.027454,81.552298,83.395334,78.084103,78.42287,83.856719,81.466033,78.88521,90.89042,80.98952399999999,81.47637,80.202864,93.62756499999999],"count":1000000,"checksum":499999500000,"memory":{"aggregateSamplesMs":[93.835789,85.377286,82.967129,87.033825,83.841664,82.08501899999999,84.02569199999999,85.556179,80.56099499999999,95.35628,85.971092,80.342916,91.344715,80.979465,92.150848,84.362408,83.796537,84.75471399999999,86.216511,80.524021],"count":1000000,"checksum":499999500000,"openBaselineRssBytes":19443712,"workloadPeakRssBytes":29929472,"workloadDeltaRssBytes":10485760,"retainedRssBytes":10485760,"baselineBreakdown":{"anonymousRssBytes":6156288,"fileBackedRssBytes":13406208,"heapMappingRssBytes":233472,"databaseMappedRssBytes":0},"retainedBreakdown":{"anonymousRssBytes":13791232,"fileBackedRssBytes":16474112,"heapMappingRssBytes":5820416,"databaseMappedRssBytes":0},"retainedDeltaBreakdown":{"anonymousRssBytes":7634944,"fileBackedRssBytes":3067904,"heapMappingRssBytes":5586944,"databaseMappedRssBytes":0}},"storageBytes":12125128}
