{"schema":"vicia.ref-db-bench.v3","engine":"vicia","role":"bi-temporal Datalog product","executionBoundary":"engineAggregate","facts":1000000,"buildMs":12940.412968,"readMs":0.239463,"aggregateSamplesMs":[351.08665,339.47970399999997,340.497614,349.459737,371.909454,354.27667,344.746,351.66954499999997,374.230095,372.748415,359.505273,372.740312,359.944205,349.27346,356.348394,356.074301,370.18748800000003,350.077846,343.71763799999997,353.776751],"count":1000000,"checksum":499999500000,"memory":{"aggregateSamplesMs":[337.57760199999996,381.559096,353.362978,357.68750500000004,342.01611599999995,334.06503399999997,347.452692,346.6868,324.064527,319.77042500000005,330.321766,333.192709,343.503375,321.988526,322.308197,318.752647,328.419664,317.654517,313.02392299999997,314.235313],"count":1000000,"checksum":499999500000,"openBaselineRssBytes":12754944,"workloadPeakRssBytes":14196736,"workloadDeltaRssBytes":1441792,"retainedRssBytes":1441792,"baselineBreakdown":{"anonymousRssBytes":4243456,"fileBackedRssBytes":8724480,"heapMappingRssBytes":86016,"databaseMappedRssBytes":0},"retainedBreakdown":{"anonymousRssBytes":5369856,"fileBackedRssBytes":9052160,"heapMappingRssBytes":1208320,"databaseMappedRssBytes":0},"retainedDeltaBreakdown":{"anonymousRssBytes":1126400,"fileBackedRssBytes":327680,"heapMappingRssBytes":1122304,"databaseMappedRssBytes":0}},"storageBytes":354775040}
