{
  "schema": "vicia.leaf-read-path.v1",
  "profile": "full",
  "facts": 1000000,
  "sourceCommit": "8236345b7f63dd9d7ebce9758930b29c5b6c20d9",
  "sourceDirty": true,
  "fixture": {
    "path": "/home/upopo/projects/vicia-db/.worktrees/current-read-phase-attribution/target/leaf-read-path/shared/fill-90-v12-1000000.graph",
    "bytes": 278089728,
    "sha256": "bac4c26e49cc1267851654187e07c81365736f25ddde720f4aaa6050ba17333e",
    "fillPercent": 90,
    "formatVersion": 12
  },
  "point": {
    "samplesMsPerOperation": [
      0.01521434,
      0.012852485,
      0.011755170000000002,
      0.0118782,
      0.011469365,
      0.01247053,
      0.0143826,
      0.013187635000000001,
      0.012038405,
      0.011665855000000001,
      0.011880465,
      0.01177358,
      0.011666789999999998,
      0.01307675,
      0.01258721,
      0.01157413,
      0.01175157,
      0.011513675000000001,
      0.012124645,
      0.014956665000000001
    ],
    "rawSingleQuerySamplesMs": [
      0.011168,
      0.021424,
      0.011470000000000001,
      0.011207,
      0.011243999999999999,
      0.011309,
      0.015603999999999998,
      0.015407,
      0.011394,
      0.011254,
      0.01162,
      0.011338,
      0.011356999999999999,
      0.011207,
      0.011131,
      0.01131,
      0.011441999999999999,
      0.011291,
      0.011206,
      0.011027
    ],
    "diagnostics": {
      "internalPagesVisited": 3,
      "leafPagesVisited": 1,
      "rawLeafPagesVisited": 1,
      "prefixLeafPagesVisited": 0,
      "leafEntriesAvailable": 51,
      "leafEntriesDecoded": 7,
      "leafEntriesEmitted": 1,
      "leafEntriesSkipped": 25,
      "lowerBoundKeyComparisons": 5,
      "prefixRestartBlocksReconstructed": 0,
      "prefixEntriesReconstructed": 0,
      "reconstructedKeyBytes": 0,
      "fullLeafVecPeakEntries": 0,
      "fullLeafVecPeakStructBytes": 0,
      "fullLeafVecPeakDecodedPayloadBytes": 0,
      "rawDecodeElapsedNs": 961,
      "prefixDecodeElapsedNs": 0,
      "earlyStopCount": 0,
      "leafBoundaryTransitions": 0,
      "aevtProjectionDecodes": 0,
      "projectedAevtEmitted": 0,
      "eavtProjectionDecodes": 7,
      "projectedEavtEmitted": 1,
      "vaetProjectionDecodes": 0,
      "projectedVaetEmitted": 0,
      "borrowedAttributeBytes": 77,
      "borrowedValueBytes": 63,
      "projectedOwnedAevtDecodes": 0,
      "projectedOwnedEavtDecodes": 0,
      "projectedOwnedVaetDecodes": 0,
      "resumeKeyMaterializations": 0,
      "resumeKeyBufferReuses": 0
    }
  },
  "aggregate": {
    "samplesMs": [
      363.911341,
      351.276683,
      352.379121,
      357.120404,
      353.232938,
      355.607173,
      357.093865,
      351.083037,
      357.02743599999997,
      363.7359,
      348.278681,
      354.432239,
      355.044628,
      353.607666,
      352.153164,
      356.516853,
      357.813867,
      358.060785,
      353.721292,
      360.346441
    ],
    "count": 1000000,
    "checksum": 499999500000,
    "openBaselineRssBytes": 3047424,
    "workloadPeakRssBytes": 4227072,
    "workloadDeltaRssBytes": 1179648,
    "diagnosticQueryElapsedNs": 495123942,
    "diagnostics": {
      "internalPagesVisited": 3,
      "leafPagesVisited": 16667,
      "rawLeafPagesVisited": 0,
      "prefixLeafPagesVisited": 16667,
      "leafEntriesAvailable": 1000000,
      "leafEntriesDecoded": 1000003,
      "leafEntriesEmitted": 1000000,
      "leafEntriesSkipped": 0,
      "lowerBoundKeyComparisons": 3,
      "prefixRestartBlocksReconstructed": 66670,
      "prefixEntriesReconstructed": 1000003,
      "reconstructedKeyBytes": 66864577,
      "fullLeafVecPeakEntries": 0,
      "fullLeafVecPeakStructBytes": 0,
      "fullLeafVecPeakDecodedPayloadBytes": 0,
      "rawDecodeElapsedNs": 0,
      "prefixDecodeElapsedNs": 119246678,
      "earlyStopCount": 0,
      "leafBoundaryTransitions": 16666,
      "aevtProjectionDecodes": 1000003,
      "projectedAevtEmitted": 1000000,
      "eavtProjectionDecodes": 0,
      "projectedEavtEmitted": 0,
      "vaetProjectionDecodes": 0,
      "projectedVaetEmitted": 0,
      "borrowedAttributeBytes": 11000033,
      "borrowedValueBytes": 9000027,
      "projectedOwnedAevtDecodes": 0,
      "projectedOwnedEavtDecodes": 0,
      "projectedOwnedVaetDecodes": 0,
      "resumeKeyMaterializations": 0,
      "resumeKeyBufferReuses": 0
    },
    "cursorDiagnostics": {
      "selectedPendingEntries": 0,
      "selectedPendingSnapshotBytes": 0,
      "committedEntriesVisited": 1000000,
      "pendingEntriesVisited": 0,
      "exactFactResolutions": 0,
      "emittedRows": 1000000,
      "peakEntityValues": 1,
      "peakEntityWindows": 1,
      "yieldCount": 0,
      "resumeCount": 0,
      "committedMergeElapsedNs": 495093939,
      "reducerEntries": 1000000,
      "reducerElapsedNs": 113110282,
      "entityFlushCount": 1000000,
      "entityFlushPrepareElapsedNs": 30738210,
      "visitorValues": 1000000,
      "visitorElapsedNs": 42405444,
      "aggregateFinishElapsedNs": 6518
    }
  }
}
