{
  "schema": "vicia.leaf-read-path.v1",
  "profile": "full",
  "facts": 1000000,
  "sourceCommit": "0b77d824bfa34650e50bba2f22c8dc7fdff906a1",
  "sourceDirty": false,
  "fixture": {
    "path": "/home/upopo/projects/vicia-db/.worktrees/current-read-phase-attribution/target/leaf-read-path/shared/fill-90-v12-1000000.graph",
    "bytes": 278089728,
    "sha256": "bac4c26e49cc1267851654187e07c81365736f25ddde720f4aaa6050ba17333e",
    "fillPercent": 90,
    "formatVersion": 12
  },
  "point": {
    "samplesMsPerOperation": [
      0.010892825,
      0.010799775000000001,
      0.010751980000000001,
      0.0110432,
      0.01175199,
      0.011588385000000001,
      0.013165155,
      0.011785305000000001,
      0.010948,
      0.010633165,
      0.01099381,
      0.014252385000000001,
      0.01362653,
      0.011664019999999999,
      0.010730060000000001,
      0.010804815,
      0.010655625000000002,
      0.01157529,
      0.01311907,
      0.011206619999999999
    ],
    "rawSingleQuerySamplesMs": [
      0.010417000000000001,
      0.010371,
      0.013821,
      0.010258999999999999,
      0.010492000000000001,
      0.010399,
      0.010547,
      0.010575,
      0.010715,
      0.010873,
      0.010594000000000001,
      0.010622,
      0.015049,
      0.010594000000000001,
      0.010398,
      0.010547,
      0.010455,
      0.010407999999999999,
      0.010454,
      0.017411999999999997
    ],
    "diagnostics": {
      "internalPagesVisited": 3,
      "leafPagesVisited": 1,
      "rawLeafPagesVisited": 1,
      "prefixLeafPagesVisited": 0,
      "leafEntriesAvailable": 51,
      "leafEntriesDecoded": 7,
      "leafEntriesEmitted": 1,
      "leafEntriesSkipped": 25,
      "lowerBoundKeyComparisons": 5,
      "prefixRestartBlocksReconstructed": 0,
      "prefixEntriesReconstructed": 0,
      "reconstructedKeyBytes": 0,
      "fullLeafVecPeakEntries": 0,
      "fullLeafVecPeakStructBytes": 0,
      "fullLeafVecPeakDecodedPayloadBytes": 0,
      "rawDecodeElapsedNs": 1042,
      "prefixDecodeElapsedNs": 0,
      "earlyStopCount": 0,
      "leafBoundaryTransitions": 0,
      "aevtProjectionDecodes": 0,
      "projectedAevtEmitted": 0,
      "eavtProjectionDecodes": 7,
      "projectedEavtEmitted": 1,
      "vaetProjectionDecodes": 0,
      "projectedVaetEmitted": 0,
      "borrowedAttributeBytes": 77,
      "borrowedValueBytes": 63,
      "projectedOwnedAevtDecodes": 0,
      "projectedOwnedEavtDecodes": 0,
      "projectedOwnedVaetDecodes": 0,
      "resumeKeyMaterializations": 0,
      "resumeKeyBufferReuses": 0
    }
  },
  "aggregate": {
    "samplesMs": [
      281.12690299999997,
      283.108966,
      284.078717,
      287.592909,
      283.728382,
      282.403008,
      282.329259,
      279.912849,
      294.053904,
      280.319591,
      280.844029,
      282.001912,
      279.2209,
      282.219828,
      285.08551700000004,
      280.74218,
      287.25255500000003,
      288.26488099999995,
      284.397059,
      290.36149
    ],
    "count": 1000000,
    "checksum": 499999500000,
    "openBaselineRssBytes": 3043328,
    "workloadPeakRssBytes": 4354048,
    "workloadDeltaRssBytes": 1310720,
    "diagnosticQueryElapsedNs": 416114387,
    "diagnostics": {
      "internalPagesVisited": 3,
      "leafPagesVisited": 16667,
      "rawLeafPagesVisited": 0,
      "prefixLeafPagesVisited": 16667,
      "leafEntriesAvailable": 1000000,
      "leafEntriesDecoded": 1000003,
      "leafEntriesEmitted": 1000000,
      "leafEntriesSkipped": 0,
      "lowerBoundKeyComparisons": 3,
      "prefixRestartBlocksReconstructed": 66670,
      "prefixEntriesReconstructed": 1000003,
      "reconstructedKeyBytes": 66864577,
      "fullLeafVecPeakEntries": 0,
      "fullLeafVecPeakStructBytes": 0,
      "fullLeafVecPeakDecodedPayloadBytes": 0,
      "rawDecodeElapsedNs": 0,
      "prefixDecodeElapsedNs": 115593425,
      "earlyStopCount": 0,
      "leafBoundaryTransitions": 16666,
      "aevtProjectionDecodes": 1000003,
      "projectedAevtEmitted": 1000000,
      "eavtProjectionDecodes": 0,
      "projectedEavtEmitted": 0,
      "vaetProjectionDecodes": 0,
      "projectedVaetEmitted": 0,
      "borrowedAttributeBytes": 11000033,
      "borrowedValueBytes": 9000027,
      "projectedOwnedAevtDecodes": 0,
      "projectedOwnedEavtDecodes": 0,
      "projectedOwnedVaetDecodes": 0,
      "resumeKeyMaterializations": 0,
      "resumeKeyBufferReuses": 0
    },
    "cursorDiagnostics": {
      "selectedPendingEntries": 0,
      "selectedPendingSnapshotBytes": 0,
      "committedEntriesVisited": 1000000,
      "pendingEntriesVisited": 0,
      "exactFactResolutions": 0,
      "emittedRows": 1000000,
      "peakEntityValues": 1,
      "peakEntityWindows": 1,
      "yieldCount": 0,
      "resumeCount": 0,
      "committedMergeElapsedNs": 416087494,
      "reducerEntries": 1000000,
      "reducerElapsedNs": 47349634,
      "entityFlushCount": 1000000,
      "entityFlushPrepareElapsedNs": 30541417,
      "visitorValues": 1000000,
      "visitorElapsedNs": 42245252,
      "aggregateFinishElapsedNs": 7950
    }
  }
}
