{"schema":"vicia.ref-db-bench.v5","engine":"cozo","role":"embedded Datalog peer","executionBoundary":"engineAggregate","facts":1000000,"repetitions":20,"trial":4,"seed":2026071405,"orderPosition":2,"adapterSchema":"facts {entity: Int => value: Int}","semanticScope":"common current entity/value projection","durability":{"barrier":"mutable script completion then close","batch":"1000 rows per :put"},"runtimeVersion":null,"build":{"elapsedMs":6503.041418000001,"baselineRssBytes":11141120,"peakRssBytes":21135360,"processDelta":{"readBytes":8192,"writeBytes":158457856,"minorFaults":1265,"majorFaults":0}},"query":{"openMs":0.645112,"firstReadMs":1.3663379999999998,"pointHot":{"operationsPerSample":512,"samplesMsPerOperation":[0.066172275390625,0.066347810546875,0.06597542968749999,0.06845945117187499,0.067326037109375,0.06487825781249999,0.064335693359375,0.067067572265625,0.06693255078125,0.067950236328125,0.06535552539062499,0.07110251171875,0.066035625,0.06698320507812501,0.066086486328125,0.065782078125,0.0670323359375,0.064995693359375,0.06494602734374999,0.065504703125]},"pointDistributed":{"operationsPerSample":512,"samplesMsPerOperation":[0.07242915234375,0.073437177734375,0.07115046875,0.0698994453125,0.067280818359375,0.067898052734375,0.071789908203125,0.069588865234375,0.079155427734375,0.088875337890625,0.0816395625,0.073363453125,0.07018281640625,0.069910578125,0.0670043984375,0.067115080078125,0.06724848632812501,0.06932659375000001,0.06906316406249999,0.06995166210937499]},"pointMiss":{"operationsPerSample":512,"samplesMsPerOperation":[0.061908621093750005,0.061580728515625,0.063472658203125,0.063548591796875,0.06266138671875,0.062126791015624995,0.062954318359375,0.061611455078124995,0.063233787109375,0.06520570117187499,0.064680380859375,0.063974462890625,0.063689728515625,0.06216153515625,0.062938548828125,0.06255036914062499,0.063253197265625,0.0626568828125,0.062997337890625,0.062943251953125]},"aggregateSamplesMs":[323.10941199999996,313.478415,319.678268,315.871094,316.729832,320.094303,316.892389,318.163249,318.610816,317.285196,317.600012,316.19860500000004,317.638613,316.79467300000005,312.983127,312.46786399999996,315.291149,314.66338,312.613898,314.109628],"count":1000000,"checksum":499999500000,"openBaselineRssBytes":14680064,"workloadPeakRssBytes":19660800,"workloadDeltaRssBytes":4980736,"retainedRssBytes":4980736,"baselineBreakdown":{"anonymousRssBytes":4218880,"fileBackedRssBytes":10690560,"heapMappingRssBytes":393216,"databaseMappedRssBytes":0},"retainedBreakdown":{"anonymousRssBytes":6561792,"fileBackedRssBytes":13705216,"heapMappingRssBytes":2387968,"databaseMappedRssBytes":0},"retainedDeltaBreakdown":{"anonymousRssBytes":2342912,"fileBackedRssBytes":3014656,"heapMappingRssBytes":1994752,"databaseMappedRssBytes":0},"processDelta":{"readBytes":0,"writeBytes":0,"minorFaults":657,"majorFaults":0}},"reopenVerified":true,"storageBytes":81993728}
