{"schema":"vicia.ref-db-bench.v5","engine":"cozo","role":"embedded Datalog peer","executionBoundary":"engineAggregate","facts":1000000,"repetitions":20,"trial":1,"seed":2026071402,"orderPosition":5,"adapterSchema":"facts {entity: Int => value: Int}","semanticScope":"common current entity/value projection","durability":{"barrier":"mutable script completion then close","batch":"1000 rows per :put"},"runtimeVersion":null,"build":{"elapsedMs":6520.740778,"baselineRssBytes":11010048,"peakRssBytes":21524480,"processDelta":{"readBytes":4096,"writeBytes":158457856,"minorFaults":1270,"majorFaults":0}},"query":{"openMs":0.545847,"firstReadMs":1.279859,"pointHot":{"operationsPerSample":512,"samplesMsPerOperation":[0.073487203125,0.07529698046875001,0.076702958984375,0.073700908203125,0.074928494140625,0.07155700390625,0.073487421875,0.07406028515625,0.07185531249999999,0.074023919921875,0.072361767578125,0.07371983984375,0.0739004765625,0.073171326171875,0.074506123046875,0.074388541015625,0.0732501796875,0.073323279296875,0.07388066406249999,0.07545680859375]},"pointDistributed":{"operationsPerSample":512,"samplesMsPerOperation":[0.073989427734375,0.077320333984375,0.074023525390625,0.075270423828125,0.07555422656250001,0.07618634375,0.0749260390625,0.079221802734375,0.075772958984375,0.076012087890625,0.07476057421875,0.075680611328125,0.07496782421875,0.075759,0.075237525390625,0.075873609375,0.07706984375,0.07323397851562499,0.075978220703125,0.07607393945312499]},"pointMiss":{"operationsPerSample":512,"samplesMsPerOperation":[0.06840839453125,0.0693013359375,0.069903810546875,0.071467828125,0.073254595703125,0.07159097265625,0.067798115234375,0.0689790078125,0.070762556640625,0.06942866015625,0.0728271171875,0.068290826171875,0.07103666796875001,0.0674541015625,0.06868773828125001,0.06974420703125,0.06852016015625,0.06984353125,0.06821759765625,0.06931083203124999]},"aggregateSamplesMs":[321.844081,315.444209,316.579868,315.935454,316.015469,318.65997600000003,319.426448,319.474417,327.843569,324.575599,322.860643,327.236326,326.01408399999997,336.47729,344.401691,347.471977,348.708268,345.330146,353.41842099999997,346.5163],"count":1000000,"checksum":499999500000,"openBaselineRssBytes":14548992,"workloadPeakRssBytes":19660800,"workloadDeltaRssBytes":5111808,"retainedRssBytes":5111808,"baselineBreakdown":{"anonymousRssBytes":4222976,"fileBackedRssBytes":10579968,"heapMappingRssBytes":393216,"databaseMappedRssBytes":0},"retainedBreakdown":{"anonymousRssBytes":6565888,"fileBackedRssBytes":13594624,"heapMappingRssBytes":2387968,"databaseMappedRssBytes":0},"retainedDeltaBreakdown":{"anonymousRssBytes":2342912,"fileBackedRssBytes":3014656,"heapMappingRssBytes":1994752,"databaseMappedRssBytes":0},"processDelta":{"readBytes":0,"writeBytes":0,"minorFaults":658,"majorFaults":0}},"reopenVerified":true,"storageBytes":81993728}
