{"schema":"vicia.ref-db-bench.v5","engine":"cozo","role":"embedded Datalog peer","executionBoundary":"engineAggregate","facts":1000000,"repetitions":20,"trial":3,"seed":2026071404,"orderPosition":3,"adapterSchema":"facts {entity: Int => value: Int}","semanticScope":"common current entity/value projection","durability":{"barrier":"mutable script completion then close","batch":"1000 rows per :put"},"runtimeVersion":null,"build":{"elapsedMs":6574.197867,"baselineRssBytes":11141120,"peakRssBytes":21528576,"processDelta":{"readBytes":12288,"writeBytes":158457856,"minorFaults":1266,"majorFaults":0}},"query":{"openMs":0.557003,"firstReadMs":1.200917,"pointHot":{"operationsPerSample":512,"samplesMsPerOperation":[0.065801708984375,0.06803953320312499,0.06676011328125,0.06987805859375,0.06518854296875,0.066259458984375,0.06720363671875,0.065501859375,0.0660195234375,0.0658427734375,0.06599652929687501,0.0653583515625,0.06521200585937499,0.06667894140625,0.0660711171875,0.06771326953125,0.0669393515625,0.065741421875,0.065669216796875,0.068548193359375]},"pointDistributed":{"operationsPerSample":512,"samplesMsPerOperation":[0.07196408984375,0.07195659960937499,0.07149113867187501,0.07339963671875,0.07036437499999999,0.07229185546875,0.07305868359374999,0.072990671875,0.0692488984375,0.06990785156250001,0.06711770703125,0.06939803515625,0.067716732421875,0.06893337109374999,0.073052015625,0.079643912109375,0.07971845117187501,0.07565870703125,0.06937767578125,0.06850657421874999]},"pointMiss":{"operationsPerSample":512,"samplesMsPerOperation":[0.06373751171875,0.06288927734375001,0.06573010937500001,0.0648778125,0.06360748828125,0.065511041015625,0.06644084374999999,0.065217669921875,0.06712044140625001,0.06623919140625,0.064521115234375,0.065939380859375,0.064407900390625,0.06330948242187501,0.0631877890625,0.06266798046875,0.06179499023437501,0.06296671484375,0.06360276367187499,0.063135779296875]},"aggregateSamplesMs":[406.705941,403.465616,403.447594,403.301177,409.774221,406.160486,401.640667,403.6231719999999,413.576777,398.648625,412.013683,393.724781,405.28922,402.995954,400.141509,396.099524,397.02325,396.555084,397.319082,392.834188],"count":1000000,"checksum":499999500000,"openBaselineRssBytes":14548992,"workloadPeakRssBytes":19660800,"workloadDeltaRssBytes":5111808,"retainedRssBytes":5111808,"baselineBreakdown":{"anonymousRssBytes":4218880,"fileBackedRssBytes":10547200,"heapMappingRssBytes":393216,"databaseMappedRssBytes":0},"retainedBreakdown":{"anonymousRssBytes":6561792,"fileBackedRssBytes":13758464,"heapMappingRssBytes":2387968,"databaseMappedRssBytes":0},"retainedDeltaBreakdown":{"anonymousRssBytes":2342912,"fileBackedRssBytes":3211264,"heapMappingRssBytes":1994752,"databaseMappedRssBytes":0},"processDelta":{"readBytes":0,"writeBytes":0,"minorFaults":661,"majorFaults":0}},"reopenVerified":true,"storageBytes":81993728}
