{"schema":"vicia.ref-db-bench.v5","engine":"cozo","role":"embedded Datalog peer","executionBoundary":"engineAggregate","facts":1000000,"repetitions":20,"trial":0,"seed":2026071401,"orderPosition":6,"adapterSchema":"facts {entity: Int => value: Int}","semanticScope":"common current entity/value projection","durability":{"barrier":"mutable script completion then close","batch":"1000 rows per :put"},"runtimeVersion":null,"build":{"elapsedMs":6341.764926,"baselineRssBytes":11141120,"peakRssBytes":21008384,"processDelta":{"readBytes":4096,"writeBytes":158457856,"minorFaults":1262,"majorFaults":0}},"query":{"openMs":0.512,"firstReadMs":1.098256,"pointHot":{"operationsPerSample":512,"samplesMsPerOperation":[0.066232748046875,0.0655412734375,0.065740189453125,0.06515128125,0.065826822265625,0.063917396484375,0.064599349609375,0.066088125,0.06412583203125,0.069157296875,0.06836307421875,0.065313427734375,0.066321744140625,0.065292416015625,0.06699780273437499,0.069132626953125,0.06594587304687499,0.06552971289062501,0.06522955078125,0.066233455078125]},"pointDistributed":{"operationsPerSample":512,"samplesMsPerOperation":[0.069918736328125,0.06855747265625,0.069470365234375,0.070648240234375,0.069045353515625,0.067334384765625,0.06777599609375,0.06623208007812499,0.07072845898437499,0.06832041796874999,0.0687131484375,0.06970483203125001,0.06984559375,0.068790904296875,0.0685194453125,0.067471701171875,0.06888381054687501,0.06881987109375,0.07099461718750001,0.06724164453125]},"pointMiss":{"operationsPerSample":512,"samplesMsPerOperation":[0.06618676562499999,0.064274984375,0.0629042421875,0.063155162109375,0.06385933789062499,0.06270352343749999,0.063285884765625,0.06100644140625,0.06356880859375001,0.06175329296875,0.063698134765625,0.062040007812500006,0.064743076171875,0.065178751953125,0.0627411953125,0.06437582421875,0.06491019921875,0.062318818359375,0.06574207421875,0.06712641015625]},"aggregateSamplesMs":[321.150147,308.405967,310.05030700000003,309.00951399999997,310.683561,310.22445999999997,307.884409,310.311564,311.45781500000004,313.846336,319.541368,308.91688899999997,314.96129699999995,311.71521,310.803069,307.652269,322.378047,316.486645,311.24525600000004,309.521243],"count":1000000,"checksum":499999500000,"openBaselineRssBytes":14548992,"workloadPeakRssBytes":19660800,"workloadDeltaRssBytes":5111808,"retainedRssBytes":5111808,"baselineBreakdown":{"anonymousRssBytes":4218880,"fileBackedRssBytes":10547200,"heapMappingRssBytes":393216,"databaseMappedRssBytes":0},"retainedBreakdown":{"anonymousRssBytes":6561792,"fileBackedRssBytes":13758464,"heapMappingRssBytes":2387968,"databaseMappedRssBytes":0},"retainedDeltaBreakdown":{"anonymousRssBytes":2342912,"fileBackedRssBytes":3211264,"heapMappingRssBytes":1994752,"databaseMappedRssBytes":0},"processDelta":{"readBytes":0,"writeBytes":0,"minorFaults":661,"majorFaults":0}},"reopenVerified":true,"storageBytes":81993728}
