{"schema":"vicia.ref-db-bench.v5","engine":"cozo","role":"embedded Datalog peer","executionBoundary":"engineAggregate","facts":1000000,"repetitions":20,"trial":2,"seed":2026071403,"orderPosition":4,"adapterSchema":"facts {entity: Int => value: Int}","semanticScope":"common current entity/value projection","durability":{"barrier":"mutable script completion then close","batch":"1000 rows per :put"},"runtimeVersion":null,"build":{"elapsedMs":6507.499935,"baselineRssBytes":11141120,"peakRssBytes":21004288,"processDelta":{"readBytes":8192,"writeBytes":158457856,"minorFaults":1263,"majorFaults":0}},"query":{"openMs":0.585661,"firstReadMs":1.516781,"pointHot":{"operationsPerSample":512,"samplesMsPerOperation":[0.06456683984375,0.065932525390625,0.064526419921875,0.06733475,0.065794751953125,0.06501787109375001,0.06820508203125,0.06564848828125,0.06535793359375,0.067142859375,0.0677761015625,0.063872857421875,0.06666261328124999,0.06566185546875,0.07137503125,0.065909841796875,0.06735406835937499,0.067930427734375,0.065975998046875,0.064906759765625]},"pointDistributed":{"operationsPerSample":512,"samplesMsPerOperation":[0.068291541015625,0.06622431250000001,0.0673886328125,0.066536298828125,0.0688700859375,0.069043310546875,0.067207671875,0.06710085742187501,0.07300892578125,0.068491603515625,0.068157724609375,0.068718369140625,0.06821434375,0.06733608984375,0.06620578515625,0.06686525,0.0684687421875,0.070450302734375,0.06867860156250001,0.068872251953125]},"pointMiss":{"operationsPerSample":512,"samplesMsPerOperation":[0.06309231640624999,0.0607056015625,0.06405624023437499,0.06464978125000001,0.06330148828125,0.06226117578125,0.06209134765625,0.06268171875,0.06455225390625001,0.06359926171875,0.064493392578125,0.063813189453125,0.064462515625,0.06248119335937499,0.062839326171875,0.06274591210937501,0.06340026953125,0.06382303515625,0.062406509765625,0.061339123046875006]},"aggregateSamplesMs":[313.072244,309.052706,305.80843600000003,310.83070299999997,306.64304500000003,306.71331499999997,307.44708199999997,305.448262,305.825263,315.273046,311.600296,306.284575,305.49472,305.870882,309.72493499999996,307.906805,306.680666,317.487464,314.944901,313.24659199999996],"count":1000000,"checksum":499999500000,"openBaselineRssBytes":14680064,"workloadPeakRssBytes":20054016,"workloadDeltaRssBytes":5373952,"retainedRssBytes":5373952,"baselineBreakdown":{"anonymousRssBytes":4222976,"fileBackedRssBytes":10616832,"heapMappingRssBytes":393216,"databaseMappedRssBytes":0},"retainedBreakdown":{"anonymousRssBytes":6565888,"fileBackedRssBytes":13959168,"heapMappingRssBytes":2387968,"databaseMappedRssBytes":0},"retainedDeltaBreakdown":{"anonymousRssBytes":2342912,"fileBackedRssBytes":3342336,"heapMappingRssBytes":1994752,"databaseMappedRssBytes":0},"processDelta":{"readBytes":0,"writeBytes":0,"minorFaults":663,"majorFaults":0}},"reopenVerified":true,"storageBytes":81993728}
