{"schema":"vicia.ref-db-bench.v5","engine":"fjall","role":"LSM KV storage floor","executionBoundary":"ownedResultScan","facts":1000000,"repetitions":20,"trial":4,"seed":2026071405,"orderPosition":0,"adapterSchema":"integer key -> integer value","semanticScope":"owned KV scan storage floor","durability":{"barrier":"batch commit then close","batch":"1000 entries per database batch"},"runtimeVersion":null,"build":{"elapsedMs":527.1029219999999,"baselineRssBytes":11141120,"peakRssBytes":123207680,"processDelta":{"readBytes":0,"writeBytes":52510720,"minorFaults":27514,"majorFaults":0}},"query":{"openMs":995.599731,"firstReadMs":0.008932,"pointHot":{"operationsPerSample":16384,"samplesMsPerOperation":[0.0002688491821289063,0.00026385858154296874,0.0002650582885742187,0.00027544586181640625,0.00026330950927734375,0.0002679334106445313,0.00026986407470703123,0.00026769287109375,0.0002651348876953125,0.00026479638671875,0.000268414306640625,0.0002656986083984375,0.00026699792480468747,0.00026859283447265624,0.0002657734375,0.00026739776611328127,0.00027861834716796875,0.0002627660522460938,0.0002622236938476562,0.0002721021728515625]},"pointDistributed":{"operationsPerSample":16384,"samplesMsPerOperation":[0.000526798095703125,0.0005248931884765625,0.0005517233276367188,0.0005078497924804687,0.0005217608642578125,0.0005264617919921874,0.0005212308349609375,0.0005239849853515625,0.0005193728637695312,0.0005151984252929687,0.0005367360229492188,0.0005215144653320313,0.0004680933227539063,0.0005450538940429688,0.0005339647827148437,0.0005480690307617187,0.0005264759521484376,0.0005448689575195312,0.0005456331787109376,0.0005450057983398438]},"pointMiss":{"operationsPerSample":16384,"samplesMsPerOperation":[0.000217685791015625,0.00021373101806640624,0.00021406610107421872,0.00022577722167968752,0.00021358172607421875,0.00021255169677734375,0.000211427490234375,0.00021907861328125,0.00021334857177734377,0.00021223175048828128,0.0002119219970703125,0.00023290740966796876,0.000214870361328125,0.00021265643310546876,0.00021277178955078123,0.00022080651855468748,0.00021590045166015623,0.00021241595458984375,0.00021288848876953125,0.00021831207275390625]},"aggregateSamplesMs":[186.625224,186.836411,187.784877,186.051248,186.81422,183.934993,185.382756,184.275281,185.388236,183.290399,187.321782,190.711281,185.884405,184.414802,187.472283,182.903669,186.721651,186.868247,185.995846,184.043314],"count":1000000,"checksum":499999500000,"openBaselineRssBytes":115998720,"workloadPeakRssBytes":130285568,"workloadDeltaRssBytes":14286848,"retainedRssBytes":14286848,"baselineBreakdown":{"anonymousRssBytes":107524096,"fileBackedRssBytes":8699904,"heapMappingRssBytes":101634048,"databaseMappedRssBytes":0},"retainedBreakdown":{"anonymousRssBytes":121925632,"fileBackedRssBytes":8765440,"heapMappingRssBytes":116035584,"databaseMappedRssBytes":0},"retainedDeltaBreakdown":{"anonymousRssBytes":14401536,"fileBackedRssBytes":65536,"heapMappingRssBytes":14401536,"databaseMappedRssBytes":0},"processDelta":{"readBytes":0,"writeBytes":0,"minorFaults":3547,"majorFaults":0}},"reopenVerified":true,"storageBytes":52458797}
