{"schema":"vicia.ref-db-bench.v5","engine":"fjall","role":"LSM KV storage floor","executionBoundary":"ownedResultScan","facts":1000000,"repetitions":20,"trial":2,"seed":2026071403,"orderPosition":2,"adapterSchema":"integer key -> integer value","semanticScope":"owned KV scan storage floor","durability":{"barrier":"batch commit then close","batch":"1000 entries per database batch"},"runtimeVersion":null,"build":{"elapsedMs":534.5233310000001,"baselineRssBytes":11141120,"peakRssBytes":123207680,"processDelta":{"readBytes":0,"writeBytes":52510720,"minorFaults":27514,"majorFaults":0}},"query":{"openMs":1003.467537,"firstReadMs":0.008169,"pointHot":{"operationsPerSample":16384,"samplesMsPerOperation":[0.00026169464111328126,0.0002646263427734375,0.0002648624267578125,0.0002674541015625,0.0002578024291992187,0.00026119927978515624,0.00026044091796875,0.0002601760864257813,0.00025963238525390623,0.00025783709716796873,0.00026101989746093746,0.0002582377319335938,0.0002785653686523438,0.00026293066406249995,0.0002618723754882812,0.0002873082885742188,0.0002565399169921875,0.00025933740234375,0.0002714617919921875,0.00026237646484375]},"pointDistributed":{"operationsPerSample":16384,"samplesMsPerOperation":[0.0005357645874023437,0.0005335736083984375,0.0005137374877929687,0.0005353221435546875,0.0005178982543945313,0.000544646240234375,0.0005304576416015625,0.0004821463012695312,0.0005203484497070312,0.00052257958984375,0.0004986553955078126,0.0005614750366210937,0.0005256253051757813,0.00053596875,0.0005343594970703125,0.0005222725219726562,0.0005179015502929687,0.0005302857055664062,0.0005169967651367188,0.0005447392578125]},"pointMiss":{"operationsPerSample":16384,"samplesMsPerOperation":[0.0002148382568359375,0.000207962890625,0.00020857330322265625,0.0002086712646484375,0.00022894427490234375,0.00020863598632812495,0.000208072998046875,0.0002072772216796875,0.00021353802490234376,0.00020713189697265624,0.00020715057373046875,0.000207982177734375,0.00020981048583984375,0.00020728875732421872,0.0002069342651367187,0.0002072750244140625,0.000231026611328125,0.000212291015625,0.00021608343505859375,0.00021174163818359377]},"aggregateSamplesMs":[181.89484,179.836038,183.010747,178.983276,183.327979,178.483107,179.086474,178.682379,180.448593,178.499528,181.826861,179.03497800000002,180.274104,177.85959000000005,179.1393,178.009678,184.758042,178.902502,180.00661000000002,183.661445],"count":1000000,"checksum":499999500000,"openBaselineRssBytes":115998720,"workloadPeakRssBytes":130285568,"workloadDeltaRssBytes":14286848,"retainedRssBytes":14286848,"baselineBreakdown":{"anonymousRssBytes":107520000,"fileBackedRssBytes":8708096,"heapMappingRssBytes":101634048,"databaseMappedRssBytes":0},"retainedBreakdown":{"anonymousRssBytes":121921536,"fileBackedRssBytes":8773632,"heapMappingRssBytes":116035584,"databaseMappedRssBytes":0},"retainedDeltaBreakdown":{"anonymousRssBytes":14401536,"fileBackedRssBytes":65536,"heapMappingRssBytes":14401536,"databaseMappedRssBytes":0},"processDelta":{"readBytes":0,"writeBytes":0,"minorFaults":3547,"majorFaults":0}},"reopenVerified":true,"storageBytes":52458797}
