{"schema":"vicia.ref-db-bench.v5","engine":"fjall","role":"LSM KV storage floor","executionBoundary":"ownedResultScan","facts":1000000,"repetitions":20,"trial":0,"seed":2026071401,"orderPosition":4,"adapterSchema":"integer key -> integer value","semanticScope":"owned KV scan storage floor","durability":{"barrier":"batch commit then close","batch":"1000 entries per database batch"},"runtimeVersion":null,"build":{"elapsedMs":571.962896,"baselineRssBytes":11141120,"peakRssBytes":123207680,"processDelta":{"readBytes":4096,"writeBytes":52527104,"minorFaults":27517,"majorFaults":0}},"query":{"openMs":984.362517,"firstReadMs":0.008321,"pointHot":{"operationsPerSample":16384,"samplesMsPerOperation":[0.0002830281372070312,0.0002697681884765625,0.00026871697998046874,0.0002725805053710938,0.00026501934814453123,0.0002683468627929687,0.000275130615234375,0.00027148431396484377,0.0002699509887695313,0.000265659423828125,0.0002685718994140625,0.00026443218994140624,0.0002650829467773438,0.00026729168701171874,0.00026773382568359374,0.00026395068359375,0.0002671107177734375,0.0002639495849609375,0.000265589111328125,0.0002811987915039063]},"pointDistributed":{"operationsPerSample":16384,"samplesMsPerOperation":[0.0005244124755859375,0.0005281590576171875,0.0005277568359375001,0.0005275791015625,0.0005278232421875,0.0005272461547851562,0.000517876708984375,0.0005487494506835938,0.000533115966796875,0.0005233787231445313,0.0005186343383789063,0.0005174425659179687,0.0005279537963867188,0.0005280087890625,0.0005571434936523438,0.0005338239135742188,0.0005305910034179688,0.0005073101196289062,0.0005457554931640625,0.0005229686279296875]},"pointMiss":{"operationsPerSample":16384,"samplesMsPerOperation":[0.0002098472900390625,0.0002094473876953125,0.00021249871826171875,0.000217383544921875,0.00021052508544921875,0.0002103349609375,0.00022064593505859376,0.00023117034912109377,0.0002135263671875,0.00021456915283203125,0.00021666094970703123,0.00022470953369140625,0.00021596124267578125,0.0002169978637695313,0.00021288690185546872,0.00022495831298828124,0.00021191949462890625,0.00021173382568359376,0.0002111241455078125,0.0002332216796875]},"aggregateSamplesMs":[189.111339,189.510656,190.271584,189.783951,190.674086,188.539704,187.786256,186.456747,190.327144,188.64425,190.185189,187.152092,188.854393,187.885297,189.679205,192.595082,192.374294,189.775864,193.040235,191.194145],"count":1000000,"checksum":499999500000,"openBaselineRssBytes":116129792,"workloadPeakRssBytes":130547712,"workloadDeltaRssBytes":14417920,"retainedRssBytes":14417920,"baselineBreakdown":{"anonymousRssBytes":107524096,"fileBackedRssBytes":8785920,"heapMappingRssBytes":101634048,"databaseMappedRssBytes":0},"retainedBreakdown":{"anonymousRssBytes":121942016,"fileBackedRssBytes":8851456,"heapMappingRssBytes":116051968,"databaseMappedRssBytes":0},"retainedDeltaBreakdown":{"anonymousRssBytes":14417920,"fileBackedRssBytes":65536,"heapMappingRssBytes":14417920,"databaseMappedRssBytes":0},"processDelta":{"readBytes":0,"writeBytes":0,"minorFaults":3551,"majorFaults":0}},"reopenVerified":true,"storageBytes":52477350}
