{"schema":"vicia.ref-db-bench.v5","engine":"fjall","role":"LSM KV storage floor","executionBoundary":"ownedResultScan","facts":1000000,"repetitions":20,"trial":3,"seed":2026071404,"orderPosition":1,"adapterSchema":"integer key -> integer value","semanticScope":"owned KV scan storage floor","durability":{"barrier":"batch commit then close","batch":"1000 entries per database batch"},"runtimeVersion":null,"build":{"elapsedMs":524.45574,"baselineRssBytes":11010048,"peakRssBytes":123076608,"processDelta":{"readBytes":0,"writeBytes":52527104,"minorFaults":27517,"majorFaults":0}},"query":{"openMs":979.246474,"firstReadMs":0.008819,"pointHot":{"operationsPerSample":16384,"samplesMsPerOperation":[0.00025986358642578124,0.00025851239013671874,0.0002565486450195313,0.00025633795166015626,0.00028025598144531253,0.0002554705810546875,0.00025576275634765625,0.00026203466796875,0.0002589686889648437,0.00026032861328125,0.0002600709838867188,0.0002551804809570313,0.0002567457275390625,0.00028005438232421874,0.000259779541015625,0.0002569647827148437,0.00025762774658203124,0.00026589270019531253,0.00025748272705078125,0.00025521356201171875]},"pointDistributed":{"operationsPerSample":16384,"samplesMsPerOperation":[0.0004809850463867187,0.000508273193359375,0.0004973136596679688,0.0004980753173828125,0.0004725689697265625,0.0004904924926757813,0.000497872314453125,0.0004883169555664062,0.0005022487182617187,0.00046113403320312496,0.0004926939086914063,0.0004645435791015625,0.0004370238647460937,0.0004660042114257813,0.0004934653320312499,0.0005079730834960938,0.0005003951416015626,0.0005759949951171875,0.0004862112426757812,0.0004672017822265625]},"pointMiss":{"operationsPerSample":16384,"samplesMsPerOperation":[0.00020743072509765627,0.00020864373779296873,0.000209047119140625,0.00020424688720703125,0.00020860357666015625,0.0002088253173828125,0.00020628814697265624,0.0002072777099609375,0.00020699932861328123,0.00020751385498046876,0.0002158355712890625,0.0002129074096679687,0.000207574951171875,0.00020737347412109377,0.0002141495361328125,0.00020895080566406252,0.00020754632568359375,0.00020664483642578125,0.00020972570800781252,0.00020923919677734375]},"aggregateSamplesMs":[183.544103,183.508004,188.127383,180.711619,184.394186,181.92842,185.681369,188.587342,182.279833,180.819286,181.03214,180.653722,184.182384,180.939537,187.629591,178.32528,183.027802,179.47598000000002,183.296456,178.297219],"count":1000000,"checksum":499999500000,"openBaselineRssBytes":115998720,"workloadPeakRssBytes":130547712,"workloadDeltaRssBytes":14548992,"retainedRssBytes":14548992,"baselineBreakdown":{"anonymousRssBytes":107524096,"fileBackedRssBytes":8765440,"heapMappingRssBytes":101634048,"databaseMappedRssBytes":0},"retainedBreakdown":{"anonymousRssBytes":121942016,"fileBackedRssBytes":8830976,"heapMappingRssBytes":116051968,"databaseMappedRssBytes":0},"retainedDeltaBreakdown":{"anonymousRssBytes":14417920,"fileBackedRssBytes":65536,"heapMappingRssBytes":14417920,"databaseMappedRssBytes":0},"processDelta":{"readBytes":0,"writeBytes":0,"minorFaults":3551,"majorFaults":0}},"reopenVerified":true,"storageBytes":52477350}
