{"schema":"vicia.ref-db-bench.v5","engine":"fjall","role":"LSM KV storage floor","executionBoundary":"ownedResultScan","facts":1000000,"repetitions":20,"trial":1,"seed":2026071402,"orderPosition":3,"adapterSchema":"integer key -> integer value","semanticScope":"owned KV scan storage floor","durability":{"barrier":"batch commit then close","batch":"1000 entries per database batch"},"runtimeVersion":null,"build":{"elapsedMs":525.556594,"baselineRssBytes":11010048,"peakRssBytes":123076608,"processDelta":{"readBytes":0,"writeBytes":52510720,"minorFaults":27514,"majorFaults":0}},"query":{"openMs":970.234179,"firstReadMs":0.00514,"pointHot":{"operationsPerSample":16384,"samplesMsPerOperation":[0.000262434814453125,0.0002631695556640625,0.00026235888671875,0.0002679004516601563,0.00026313873291015623,0.000264505859375,0.00026451788330078123,0.00026466656494140625,0.00029137005615234373,0.00026266595458984373,0.0002644012451171875,0.00027907678222656245,0.0002591287841796875,0.00026543206787109374,0.0002597647705078125,0.00026447473144531247,0.00026196368408203124,0.00026331573486328125,0.00025921923828124997,0.00025740454101562496]},"pointDistributed":{"operationsPerSample":16384,"samplesMsPerOperation":[0.00042250482177734374,0.00043379931640625,0.0004426232299804688,0.00043827923583984377,0.000424615478515625,0.0004404085693359375,0.000443930419921875,0.0003993269653320313,0.0004335654296875,0.0004269193115234375,0.00045517309570312496,0.00044020611572265624,0.00044962164306640626,0.00043397216796875,0.00047361627197265626,0.00043288018798828126,0.00046692108154296875,0.00043803387451171874,0.0004263887329101562,0.000422156494140625]},"pointMiss":{"operationsPerSample":16384,"samplesMsPerOperation":[0.00020506854248046876,0.00020817651367187505,0.0002065732421875,0.00020607415771484375,0.00020524298095703125,0.0002078409423828125,0.000211107421875,0.0002112061767578125,0.00020904052734375,0.00021953790283203129,0.00021578131103515625,0.00021011157226562505,0.00021047253417968748,0.00021411877441406248,0.000211822021484375,0.00020763323974609375,0.00020902014160156248,0.0002100999755859375,0.000209847412109375,0.00020682696533203129]},"aggregateSamplesMs":[187.155398,185.946868,183.320993,185.392086,186.075956,186.807291,186.684381,187.126033,183.151811,185.534331,187.162184,184.05664,185.73768500000003,183.549523,184.333707,185.885682,184.08513,185.435038,183.403254,186.065751],"count":1000000,"checksum":499999500000,"openBaselineRssBytes":115998720,"workloadPeakRssBytes":130285568,"workloadDeltaRssBytes":14286848,"retainedRssBytes":14286848,"baselineBreakdown":{"anonymousRssBytes":107520000,"fileBackedRssBytes":8720384,"heapMappingRssBytes":101634048,"databaseMappedRssBytes":0},"retainedBreakdown":{"anonymousRssBytes":121921536,"fileBackedRssBytes":8720384,"heapMappingRssBytes":116035584,"databaseMappedRssBytes":0},"retainedDeltaBreakdown":{"anonymousRssBytes":14401536,"fileBackedRssBytes":0,"heapMappingRssBytes":14401536,"databaseMappedRssBytes":0},"processDelta":{"readBytes":0,"writeBytes":0,"minorFaults":3546,"majorFaults":0}},"reopenVerified":true,"storageBytes":52458797}
