{"schema":"vicia.ref-db-bench.v5","engine":"grafeo","role":"embedded graph query peer","executionBoundary":"engineAggregate","facts":1000000,"repetitions":20,"trial":4,"seed":2026071405,"orderPosition":4,"adapterSchema":"Fact node: integer entity property + integer value property","semanticScope":"common current entity/value projection","durability":{"barrier":"database close","batch":"engine-native node writes"},"runtimeVersion":null,"build":{"elapsedMs":10167.481021,"baselineRssBytes":11141120,"peakRssBytes":617201664,"processDelta":{"readBytes":0,"writeBytes":84770816,"minorFaults":231576,"majorFaults":0}},"query":{"openMs":2303.557748,"firstReadMs":524.927269,"pointHot":{"operationsPerSample":1,"samplesMsPerOperation":[536.362471,544.485455,541.681831,536.739636,644.4148680000001,562.4703370000001,518.9973839999999,531.312662,519.734515,513.887844,521.737792,519.414941,524.2744110000001,516.646359,523.4336050000001,520.3875019999999,510.807793,514.451446,513.8171609999999,540.827935]},"pointDistributed":{"operationsPerSample":1,"samplesMsPerOperation":[523.578658,517.461166,514.3204529999999,523.6694130000001,526.9981849999999,534.60907,531.3070730000001,529.973348,527.9163500000001,522.033208,555.717903,530.773967,530.927942,521.6488059999999,521.7415159999999,531.953429,521.1145029999999,544.8884459999999,570.108966,553.259316]},"pointMiss":{"operationsPerSample":64,"samplesMsPerOperation":[0.321219078125,0.326119328125,0.323340046875,0.3195594375,0.32668821875,0.31506126562500003,0.325485453125,0.32196975,0.321231171875,0.32957560937499997,0.32572146874999997,0.362700609375,0.33050634375,0.32928390625,0.33005410937499996,0.33122928125,0.3194929375,0.33435657812499997,0.32564189062500004,0.31929512499999996]},"aggregateSamplesMs":[629.476046,625.87761,635.588135,616.2503889999999,618.7243460000001,627.811279,647.276093,621.919664,623.564326,621.834596,618.805185,617.444157,629.0362269999999,626.036418,631.051162,627.559048,635.73344,629.98194,613.849311,610.244115],"count":1000000,"checksum":499999500000,"openBaselineRssBytes":698912768,"workloadPeakRssBytes":1059065856,"workloadDeltaRssBytes":360153088,"retainedRssBytes":2490368,"baselineBreakdown":{"anonymousRssBytes":689086464,"fileBackedRssBytes":10031104,"heapMappingRssBytes":290983936,"databaseMappedRssBytes":0},"retainedBreakdown":{"anonymousRssBytes":689106944,"fileBackedRssBytes":12455936,"heapMappingRssBytes":290983936,"databaseMappedRssBytes":0},"retainedDeltaBreakdown":{"anonymousRssBytes":20480,"fileBackedRssBytes":2424832,"heapMappingRssBytes":0,"databaseMappedRssBytes":0},"processDelta":{"readBytes":0,"writeBytes":0,"minorFaults":42,"majorFaults":0}},"reopenVerified":true,"storageBytes":72473722}
