{"schema":"vicia.ref-db-bench.v5","engine":"grafeo","role":"embedded graph query peer","executionBoundary":"engineAggregate","facts":1000000,"repetitions":20,"trial":0,"seed":2026071401,"orderPosition":1,"adapterSchema":"Fact node: integer entity property + integer value property","semanticScope":"common current entity/value projection","durability":{"barrier":"database close","batch":"engine-native node writes"},"runtimeVersion":null,"build":{"elapsedMs":10389.288782,"baselineRssBytes":11010048,"peakRssBytes":619110400,"processDelta":{"readBytes":4096,"writeBytes":84774912,"minorFaults":232133,"majorFaults":0}},"query":{"openMs":2377.054442,"firstReadMs":535.474563,"pointHot":{"operationsPerSample":1,"samplesMsPerOperation":[554.332531,534.114176,548.911297,542.836981,594.626376,538.2672819999999,544.119512,557.282082,530.301248,529.530347,533.682423,536.096944,534.2611109999999,559.041278,522.480222,541.198387,524.126202,535.847984,547.139762,532.910525]},"pointDistributed":{"operationsPerSample":1,"samplesMsPerOperation":[533.643777,534.590253,554.860628,539.403515,525.9490049999999,517.5408729999999,510.017165,501.2493740000001,534.433037,538.51382,575.625166,518.901779,683.559969,591.407483,729.4249550000001,713.112475,751.290497,581.428505,584.254103,616.315284]},"pointMiss":{"operationsPerSample":64,"samplesMsPerOperation":[0.3513503125,0.342488125,0.34141993750000005,0.373464453125,0.352481609375,0.335326265625,0.33969893749999996,0.340535203125,0.342954484375,0.331464859375,0.33961173437500003,0.34213690625,0.33319631250000004,0.364775921875,0.3386505,0.34852590624999996,0.33598028125,0.350556359375,0.362447203125,0.35018748437499997]},"aggregateSamplesMs":[629.47267,608.776458,633.1848490000001,633.411587,617.20908,616.0159950000001,626.710046,622.03306,625.843931,667.0527619999999,632.208717,619.899363,637.893562,650.7751069999999,624.794164,631.432153,638.5636860000001,641.8415520000001,625.816242,639.860839],"count":1000000,"checksum":499999500000,"openBaselineRssBytes":698777600,"workloadPeakRssBytes":1058930688,"workloadDeltaRssBytes":360153088,"retainedRssBytes":2490368,"baselineBreakdown":{"anonymousRssBytes":689082368,"fileBackedRssBytes":9895936,"heapMappingRssBytes":290983936,"databaseMappedRssBytes":0},"retainedBreakdown":{"anonymousRssBytes":689102848,"fileBackedRssBytes":12386304,"heapMappingRssBytes":290983936,"databaseMappedRssBytes":0},"retainedDeltaBreakdown":{"anonymousRssBytes":20480,"fileBackedRssBytes":2490368,"heapMappingRssBytes":0,"databaseMappedRssBytes":0},"processDelta":{"readBytes":0,"writeBytes":0,"minorFaults":43,"majorFaults":0}},"reopenVerified":true,"storageBytes":72473722}
