{"schema":"vicia.ref-db-bench.v5","engine":"grafeo","role":"embedded graph query peer","executionBoundary":"engineAggregate","facts":1000000,"repetitions":20,"trial":2,"seed":2026071403,"orderPosition":6,"adapterSchema":"Fact node: integer entity property + integer value property","semanticScope":"common current entity/value projection","durability":{"barrier":"database close","batch":"engine-native node writes"},"runtimeVersion":null,"build":{"elapsedMs":10309.605512999999,"baselineRssBytes":11141120,"peakRssBytes":619536384,"processDelta":{"readBytes":0,"writeBytes":84770816,"minorFaults":232128,"majorFaults":0}},"query":{"openMs":2324.660615,"firstReadMs":534.562327,"pointHot":{"operationsPerSample":1,"samplesMsPerOperation":[504.062123,513.784053,501.7355930000001,515.07089,524.169268,532.169796,523.293025,513.737831,516.778167,517.922003,517.221968,531.2891440000001,518.25779,518.154002,513.777094,519.3186450000001,522.1847389999999,527.754831,538.9865980000001,516.510268]},"pointDistributed":{"operationsPerSample":1,"samplesMsPerOperation":[511.3850479999999,501.89105,506.117584,503.595217,510.525585,504.903297,520.9144220000001,533.789082,521.868919,522.111537,533.737819,523.821601,511.07479,526.0727360000001,521.792517,522.387967,517.493839,530.285577,532.9411819999999,515.674442]},"pointMiss":{"operationsPerSample":64,"samplesMsPerOperation":[0.3258394375,0.304899984375,0.3055743125,0.309095640625,0.31425015624999997,0.3057128125,0.30272109375,0.31482218749999996,0.31974209374999996,0.307346453125,0.302398890625,0.307575171875,0.305819328125,0.329538953125,0.316667890625,0.304799125,0.333867703125,0.309348671875,0.31427748437499997,0.32001434375]},"aggregateSamplesMs":[654.754289,596.313907,574.807289,580.033623,580.075337,588.751388,592.68947,582.446751,586.4436280000001,604.737592,603.348762,618.5553219999999,601.070797,593.4425209999999,611.3756649999999,590.200418,594.068276,595.978208,595.617841,586.678634],"count":1000000,"checksum":499999500000,"openBaselineRssBytes":698908672,"workloadPeakRssBytes":1059061760,"workloadDeltaRssBytes":360153088,"retainedRssBytes":2490368,"baselineBreakdown":{"anonymousRssBytes":689082368,"fileBackedRssBytes":10018816,"heapMappingRssBytes":290983936,"databaseMappedRssBytes":0},"retainedBreakdown":{"anonymousRssBytes":689106944,"fileBackedRssBytes":12574720,"heapMappingRssBytes":290983936,"databaseMappedRssBytes":0},"retainedDeltaBreakdown":{"anonymousRssBytes":24576,"fileBackedRssBytes":2555904,"heapMappingRssBytes":0,"databaseMappedRssBytes":0},"processDelta":{"readBytes":0,"writeBytes":0,"minorFaults":45,"majorFaults":0}},"reopenVerified":true,"storageBytes":72473722}
