{"schema":"vicia.ref-db-bench.v5","engine":"grafeo","role":"embedded graph query peer","executionBoundary":"engineAggregate","facts":1000000,"repetitions":20,"trial":3,"seed":2026071404,"orderPosition":5,"adapterSchema":"Fact node: integer entity property + integer value property","semanticScope":"common current entity/value projection","durability":{"barrier":"database close","batch":"engine-native node writes"},"runtimeVersion":null,"build":{"elapsedMs":10349.302192,"baselineRssBytes":11141120,"peakRssBytes":619683840,"processDelta":{"readBytes":0,"writeBytes":84770816,"minorFaults":232132,"majorFaults":0}},"query":{"openMs":2398.034025,"firstReadMs":521.047639,"pointHot":{"operationsPerSample":1,"samplesMsPerOperation":[516.6924280000001,531.038448,520.46599,521.637749,524.14005,520.903464,555.564078,523.638987,525.37373,512.835401,522.4107759999999,524.338683,540.233336,531.504186,531.5418910000001,552.167897,522.513111,531.242795,545.2920260000001,520.852159]},"pointDistributed":{"operationsPerSample":1,"samplesMsPerOperation":[510.33261,527.213482,517.104093,514.788738,504.569567,503.791019,516.9727819999999,504.989731,511.35919100000007,506.335891,514.680691,502.537901,504.132513,503.463306,501.370893,504.801013,502.552265,502.985443,502.30500300000006,506.57659499999994]},"pointMiss":{"operationsPerSample":64,"samplesMsPerOperation":[0.313075953125,0.30916271874999995,0.32591889062499996,0.34076840625,0.32044021875,0.32496975,0.33029765625,0.323556640625,0.320424140625,0.3141005,0.314109140625,0.317496546875,0.3154173125,0.317811484375,0.315970328125,0.30986559375,0.329599984375,0.322389484375,0.31684571875,0.3098041875]},"aggregateSamplesMs":[610.1069209999999,609.524532,613.858025,637.8945689999999,622.132192,609.342235,641.834386,607.937325,619.863937,609.651366,599.800487,598.285035,608.168602,595.5095729999999,628.9632330000001,623.946284,618.832928,621.914564,619.990676,598.005884],"count":1000000,"checksum":499999500000,"openBaselineRssBytes":698908672,"workloadPeakRssBytes":1059061760,"workloadDeltaRssBytes":360153088,"retainedRssBytes":2359296,"baselineBreakdown":{"anonymousRssBytes":689082368,"fileBackedRssBytes":10076160,"heapMappingRssBytes":290983936,"databaseMappedRssBytes":0},"retainedBreakdown":{"anonymousRssBytes":689106944,"fileBackedRssBytes":12369920,"heapMappingRssBytes":290983936,"databaseMappedRssBytes":0},"retainedDeltaBreakdown":{"anonymousRssBytes":24576,"fileBackedRssBytes":2293760,"heapMappingRssBytes":0,"databaseMappedRssBytes":0},"processDelta":{"readBytes":0,"writeBytes":0,"minorFaults":41,"majorFaults":0}},"reopenVerified":true,"storageBytes":72473722}
