{"schema":"vicia.ref-db-bench.v5","engine":"grafeo","role":"embedded graph query peer","executionBoundary":"engineAggregate","facts":1000000,"repetitions":20,"trial":1,"seed":2026071402,"orderPosition":0,"adapterSchema":"Fact node: integer entity property + integer value property","semanticScope":"common current entity/value projection","durability":{"barrier":"database close","batch":"engine-native node writes"},"runtimeVersion":null,"build":{"elapsedMs":10748.127722,"baselineRssBytes":11010048,"peakRssBytes":619282432,"processDelta":{"readBytes":0,"writeBytes":84770816,"minorFaults":232133,"majorFaults":0}},"query":{"openMs":2408.6664349999996,"firstReadMs":531.177549,"pointHot":{"operationsPerSample":1,"samplesMsPerOperation":[571.48811,626.549789,592.7393020000001,580.686899,629.655777,576.786834,604.108966,578.8846199999999,566.1358600000001,585.900268,621.3279339999999,572.1740789999999,585.07025,568.169429,547.528675,566.227802,531.754621,522.855722,531.909098,535.1892750000001]},"pointDistributed":{"operationsPerSample":1,"samplesMsPerOperation":[527.212489,529.126809,521.855308,520.648295,519.603778,569.6533780000001,555.776301,569.4300020000001,526.163767,527.706435,529.0463159999999,544.6899990000001,525.45596,526.511404,537.611527,523.488037,525.252941,526.1172819999999,563.560647,525.309539]},"pointMiss":{"operationsPerSample":64,"samplesMsPerOperation":[0.32212640625,0.320552984375,0.312009265625,0.311627546875,0.329227765625,0.323063609375,0.313179609375,0.30938103125,0.31441892187500003,0.319631484375,0.313321578125,0.31297342187500005,0.3300630625,0.316579328125,0.31270371875,0.30917456249999997,0.31613528125,0.31559804687500004,0.3125990625,0.31420582812500003]},"aggregateSamplesMs":[609.401281,597.7674549999999,604.883852,614.103652,615.335746,601.349675,600.18474,592.6530399999999,592.658274,606.425124,601.0680430000001,606.651685,610.396003,656.986463,654.114642,653.708617,644.375437,682.739678,651.492604,654.216876],"count":1000000,"checksum":499999500000,"openBaselineRssBytes":698912768,"workloadPeakRssBytes":1059065856,"workloadDeltaRssBytes":360153088,"retainedRssBytes":2359296,"baselineBreakdown":{"anonymousRssBytes":689086464,"fileBackedRssBytes":10002432,"heapMappingRssBytes":290983936,"databaseMappedRssBytes":0},"retainedBreakdown":{"anonymousRssBytes":689106944,"fileBackedRssBytes":12427264,"heapMappingRssBytes":290983936,"databaseMappedRssBytes":0},"retainedDeltaBreakdown":{"anonymousRssBytes":20480,"fileBackedRssBytes":2424832,"heapMappingRssBytes":0,"databaseMappedRssBytes":0},"processDelta":{"readBytes":0,"writeBytes":0,"minorFaults":42,"majorFaults":0}},"reopenVerified":true,"storageBytes":72473722}
