{"schema":"vicia.ref-db-bench.v5","engine":"redb","role":"B-tree KV storage floor","executionBoundary":"ownedResultScan","facts":1000000,"repetitions":20,"trial":1,"seed":2026071402,"orderPosition":2,"adapterSchema":"integer key -> integer value","semanticScope":"owned KV scan storage floor","durability":{"barrier":"transaction commit then close","batch":"1000 entries per write transaction"},"runtimeVersion":null,"build":{"elapsedMs":1625.649395,"baselineRssBytes":11141120,"peakRssBytes":47448064,"processDelta":{"readBytes":4096,"writeBytes":73408512,"minorFaults":8653,"majorFaults":0}},"query":{"openMs":0.49383399999999994,"firstReadMs":0.012344,"pointHot":{"operationsPerSample":16384,"samplesMsPerOperation":[0.000330748291015625,0.00032489410400390623,0.0003290460205078125,0.00032600030517578125,0.00032717041015625,0.00033843353271484377,0.000326333251953125,0.00032781982421874997,0.00034008404541015626,0.0003272920532226563,0.00032809716796875003,0.00032702783203125,0.00032749456787109374,0.00032823974609375,0.0003275528564453125,0.0003366300048828125,0.00032505920410156247,0.0003292149658203125,0.0003453218383789062,0.0003280641479492187]},"pointDistributed":{"operationsPerSample":16384,"samplesMsPerOperation":[0.00039994287109375,0.00039935229492187496,0.00041248388671875,0.000400620849609375,0.0003955856323242187,0.0004104916381835937,0.00039366320800781246,0.0003987882080078125,0.00039565771484375,0.00039618994140625,0.00039195989990234377,0.0003914039916992187,0.0003951673583984375,0.0004062604370117187,0.00039347332763671873,0.0004401481323242187,0.00040862646484375,0.00042429846191406254,0.00039436932373046875,0.00039741796875]},"pointMiss":{"operationsPerSample":16384,"samplesMsPerOperation":[0.0003287141723632812,0.0003211114501953125,0.0003233601684570313,0.0003273299560546875,0.00033346923828125,0.0003585260009765625,0.00032633770751953125,0.000341312255859375,0.0003311103515625,0.00032755267333984373,0.00033667730712890625,0.00032962994384765624,0.0003528903198242188,0.00032575421142578127,0.0003425540771484375,0.0003354031982421875,0.00032668438720703124,0.0003256948852539063,0.00032599151611328127,0.0003256397705078125]},"aggregateSamplesMs":[27.490001,26.728128,26.35602,26.098383,26.368039,26.356605,27.583482,26.033884,26.355819,26.131584,26.318029,27.331903,27.554012,27.457413,27.098528,27.270753,26.997473,26.815075,26.044847,26.010311],"count":1000000,"checksum":499999500000,"openBaselineRssBytes":12189696,"workloadPeakRssBytes":46137344,"workloadDeltaRssBytes":33947648,"retainedRssBytes":33947648,"baselineBreakdown":{"anonymousRssBytes":3944448,"fileBackedRssBytes":8388608,"heapMappingRssBytes":122880,"databaseMappedRssBytes":0},"retainedBreakdown":{"anonymousRssBytes":37814272,"fileBackedRssBytes":8519680,"heapMappingRssBytes":33992704,"databaseMappedRssBytes":0},"retainedDeltaBreakdown":{"anonymousRssBytes":33869824,"fileBackedRssBytes":131072,"heapMappingRssBytes":33869824,"databaseMappedRssBytes":0},"processDelta":{"readBytes":0,"writeBytes":0,"minorFaults":8286,"majorFaults":0}},"reopenVerified":true,"storageBytes":40636416}
