{"schema":"vicia.ref-db-bench.v5","engine":"redb","role":"B-tree KV storage floor","executionBoundary":"ownedResultScan","facts":1000000,"repetitions":20,"trial":0,"seed":2026071401,"orderPosition":3,"adapterSchema":"integer key -> integer value","semanticScope":"owned KV scan storage floor","durability":{"barrier":"transaction commit then close","batch":"1000 entries per write transaction"},"runtimeVersion":null,"build":{"elapsedMs":2884.081866,"baselineRssBytes":11010048,"peakRssBytes":47448064,"processDelta":{"readBytes":0,"writeBytes":73408512,"minorFaults":8653,"majorFaults":0}},"query":{"openMs":0.64416,"firstReadMs":0.017343,"pointHot":{"operationsPerSample":16384,"samplesMsPerOperation":[0.000356480224609375,0.00036401245117187496,0.00036393231201171873,0.00035601245117187504,0.00037198468017578127,0.00035669671630859375,0.0003862884521484375,0.0003616397094726562,0.00035837127685546874,0.0003591025390625,0.00035891375732421873,0.00035836468505859374,0.00035607751464843747,0.0003547778930664063,0.0003577672729492188,0.0003563789672851563,0.0003689708862304688,0.0003625988159179688,0.0003699893188476562,0.0003764153442382812]},"pointDistributed":{"operationsPerSample":16384,"samplesMsPerOperation":[0.0004490967407226563,0.00045003198242187496,0.0004271181640625,0.0004442410888671875,0.000432744873046875,0.000429211669921875,0.0004268281860351563,0.000426538818359375,0.0004280109252929687,0.00043101812744140625,0.00046000836181640624,0.00043500537109375,0.0004454772338867187,0.00043223968505859373,0.000435846923828125,0.00042565570068359376,0.0004281356811523438,0.00042735021972656247,0.0004693733520507813,0.0004322933349609375]},"pointMiss":{"operationsPerSample":16384,"samplesMsPerOperation":[0.00037384576416015625,0.0003548650512695312,0.00035138830566406253,0.0003540665893554688,0.00035708850097656246,0.00037177130126953126,0.00035394903564453127,0.000354007568359375,0.0003722233276367188,0.0003492958984375,0.0003743961791992187,0.0004954689331054688,0.00035154443359375,0.00035874981689453124,0.00034875823974609376,0.0003504225463867188,0.00034955511474609374,0.0003486026611328125,0.00034792382812500003,0.00034730664062499996]},"aggregateSamplesMs":[29.592421,29.311375,28.650823,28.720809,28.566853,29.250695,29.459152999999997,28.342172,29.194229,29.185198999999997,28.269975,28.882013,29.086507,28.740071,28.222528,28.357886,28.832132,28.998956,28.74471,28.936192],"count":1000000,"checksum":499999500000,"openBaselineRssBytes":12058624,"workloadPeakRssBytes":46137344,"workloadDeltaRssBytes":34078720,"retainedRssBytes":34078720,"baselineBreakdown":{"anonymousRssBytes":3944448,"fileBackedRssBytes":8323072,"heapMappingRssBytes":122880,"databaseMappedRssBytes":0},"retainedBreakdown":{"anonymousRssBytes":37814272,"fileBackedRssBytes":8519680,"heapMappingRssBytes":33992704,"databaseMappedRssBytes":0},"retainedDeltaBreakdown":{"anonymousRssBytes":33869824,"fileBackedRssBytes":196608,"heapMappingRssBytes":33869824,"databaseMappedRssBytes":0},"processDelta":{"readBytes":0,"writeBytes":0,"minorFaults":8287,"majorFaults":0}},"reopenVerified":true,"storageBytes":40636416}
