{"schema":"vicia.ref-db-bench.v5","engine":"redb","role":"B-tree KV storage floor","executionBoundary":"ownedResultScan","facts":1000000,"repetitions":20,"trial":4,"seed":2026071405,"orderPosition":6,"adapterSchema":"integer key -> integer value","semanticScope":"owned KV scan storage floor","durability":{"barrier":"transaction commit then close","batch":"1000 entries per write transaction"},"runtimeVersion":null,"build":{"elapsedMs":1658.9680819999999,"baselineRssBytes":11010048,"peakRssBytes":47316992,"processDelta":{"readBytes":0,"writeBytes":73408512,"minorFaults":8656,"majorFaults":0}},"query":{"openMs":0.475823,"firstReadMs":0.015248,"pointHot":{"operationsPerSample":16384,"samplesMsPerOperation":[0.0003489970703125,0.00032727667236328125,0.0003248775634765625,0.0003304412231445313,0.0003264598388671875,0.00035762152099609373,0.00032577996826171874,0.00032805645751953123,0.0003456448974609375,0.0003380548095703125,0.0003307944946289062,0.00033762554931640625,0.0003331153564453125,0.00033516156005859374,0.00033514569091796874,0.0003369783325195312,0.00033508728027343746,0.00033782257080078125,0.00033698498535156247,0.0003236640625]},"pointDistributed":{"operationsPerSample":16384,"samplesMsPerOperation":[0.0003953919067382812,0.0004001888427734375,0.000392646728515625,0.00039363409423828126,0.00039007824707031253,0.0004056951904296875,0.0003959114990234375,0.00040584765625,0.0003916940307617188,0.0004054783325195313,0.00039691424560546874,0.0003977886962890625,0.0004122461547851563,0.00040529949951171874,0.0003914436645507812,0.0004201268310546875,0.0003916357421875,0.0004224893798828125,0.00039460980224609375,0.00041257135009765625]},"pointMiss":{"operationsPerSample":16384,"samplesMsPerOperation":[0.0003351324462890625,0.0003420900268554688,0.00035855029296874997,0.0003275963745117187,0.00031685223388671876,0.000335968994140625,0.00031663531494140624,0.00031878399658203125,0.00031918627929687496,0.0003172352905273438,0.0003202028198242187,0.0003202589111328125,0.00031857647705078125,0.00031917413330078125,0.00031697607421874997,0.00031926263427734376,0.00032077734375,0.000324800537109375,0.00032012133789062496,0.0003216931762695312]},"aggregateSamplesMs":[27.002939,26.917238,27.043735,26.808093000000003,26.387598,26.555349999999997,26.340239,26.674105,26.575135,26.652608,26.675873,26.439148,26.903366,26.346009,26.50369,26.709445,26.319841,26.209048,26.665206,26.50344],"count":1000000,"checksum":499999500000,"openBaselineRssBytes":11665408,"workloadPeakRssBytes":45744128,"workloadDeltaRssBytes":34078720,"retainedRssBytes":34078720,"baselineBreakdown":{"anonymousRssBytes":3944448,"fileBackedRssBytes":7987200,"heapMappingRssBytes":122880,"databaseMappedRssBytes":0},"retainedBreakdown":{"anonymousRssBytes":37814272,"fileBackedRssBytes":8183808,"heapMappingRssBytes":33992704,"databaseMappedRssBytes":0},"retainedDeltaBreakdown":{"anonymousRssBytes":33869824,"fileBackedRssBytes":196608,"heapMappingRssBytes":33869824,"databaseMappedRssBytes":0},"processDelta":{"readBytes":0,"writeBytes":0,"minorFaults":8287,"majorFaults":0}},"reopenVerified":true,"storageBytes":40636416}
