{"schema":"vicia.ref-db-bench.v5","engine":"redb","role":"B-tree KV storage floor","executionBoundary":"ownedResultScan","facts":1000000,"repetitions":20,"trial":2,"seed":2026071403,"orderPosition":1,"adapterSchema":"integer key -> integer value","semanticScope":"owned KV scan storage floor","durability":{"barrier":"transaction commit then close","batch":"1000 entries per write transaction"},"runtimeVersion":null,"build":{"elapsedMs":1622.63994,"baselineRssBytes":11141120,"peakRssBytes":47448064,"processDelta":{"readBytes":0,"writeBytes":73408512,"minorFaults":8655,"majorFaults":0}},"query":{"openMs":0.509528,"firstReadMs":0.017529,"pointHot":{"operationsPerSample":16384,"samplesMsPerOperation":[0.00032695953369140627,0.00032526226806640625,0.00035532019042968754,0.000324599609375,0.0003274830322265625,0.0003264609375,0.00032552587890625,0.00036151129150390626,0.00033733001708984375,0.00033000689697265624,0.000347337158203125,0.0003293299560546875,0.00033336743164062504,0.0003260850830078125,0.00032581427001953127,0.00032970263671875,0.0003246700439453125,0.00032701519775390624,0.0003373905029296875,0.00033276586914062503]},"pointDistributed":{"operationsPerSample":16384,"samplesMsPerOperation":[0.0004173264770507813,0.00040702154541015625,0.00041180035400390625,0.00040670404052734377,0.000405751953125,0.0003892427368164062,0.0004018102416992187,0.0004002020874023438,0.00040693243408203127,0.00040249926757812503,0.000400267578125,0.0003992197265625,0.00044177081298828126,0.000406442626953125,0.0005102597656249999,0.0003993143310546875,0.0004113221435546875,0.00040119104003906247,0.00042224725341796874,0.0004018773193359375]},"pointMiss":{"operationsPerSample":16384,"samplesMsPerOperation":[0.00032115826416015625,0.00034644891357421873,0.0003253629760742188,0.0003277158203125,0.00032317584228515626,0.0003230548095703125,0.0003246370849609375,0.00031998272705078125,0.00032537786865234375,0.000320787841796875,0.00032162719726562495,0.00034719354248046873,0.00031941253662109374,0.00032063598632812496,0.000326644775390625,0.00032236523437499995,0.00034130249023437505,0.0003248968505859375,0.00032464093017578124,0.0003275341796875]},"aggregateSamplesMs":[27.403739,26.372723,26.079103999999997,26.175326,26.284224,26.418057,26.107054,26.076222,26.341855,26.405306,26.505460000000003,26.105029,26.2385,26.448226,26.010041,26.155226,26.384333,25.863613,25.848112,25.758905],"count":1000000,"checksum":499999500000,"openBaselineRssBytes":11927552,"workloadPeakRssBytes":45875200,"workloadDeltaRssBytes":33947648,"retainedRssBytes":33947648,"baselineBreakdown":{"anonymousRssBytes":3940352,"fileBackedRssBytes":8237056,"heapMappingRssBytes":122880,"databaseMappedRssBytes":0},"retainedBreakdown":{"anonymousRssBytes":37810176,"fileBackedRssBytes":8302592,"heapMappingRssBytes":33992704,"databaseMappedRssBytes":0},"retainedDeltaBreakdown":{"anonymousRssBytes":33869824,"fileBackedRssBytes":65536,"heapMappingRssBytes":33869824,"databaseMappedRssBytes":0},"processDelta":{"readBytes":0,"writeBytes":0,"minorFaults":8285,"majorFaults":0}},"reopenVerified":true,"storageBytes":40636416}
