{"schema":"vicia.ref-db-bench.v5","engine":"redb","role":"B-tree KV storage floor","executionBoundary":"ownedResultScan","facts":1000000,"repetitions":20,"trial":3,"seed":2026071404,"orderPosition":0,"adapterSchema":"integer key -> integer value","semanticScope":"owned KV scan storage floor","durability":{"barrier":"transaction commit then close","batch":"1000 entries per write transaction"},"runtimeVersion":null,"build":{"elapsedMs":1681.187742,"baselineRssBytes":11141120,"peakRssBytes":47316992,"processDelta":{"readBytes":0,"writeBytes":73408512,"minorFaults":8654,"majorFaults":0}},"query":{"openMs":0.654362,"firstReadMs":0.017223000000000002,"pointHot":{"operationsPerSample":16384,"samplesMsPerOperation":[0.00033123425292968747,0.00033368829345703125,0.00033047088623046876,0.00033033709716796876,0.000328346435546875,0.0003275628051757813,0.00035315179443359373,0.0003262694091796875,0.0003277845458984375,0.0003235010986328125,0.0003264395141601562,0.0003299342651367187,0.0003305848388671875,0.0003351190185546875,0.0003293866577148437,0.00032711810302734376,0.00035259118652343746,0.00032849011230468754,0.000328402099609375,0.00033742138671875]},"pointDistributed":{"operationsPerSample":16384,"samplesMsPerOperation":[0.0003985856323242188,0.0003990187377929688,0.0003918453979492187,0.00042449560546875,0.00039136657714843753,0.00038836547851562496,0.0003974155883789063,0.0003896912841796875,0.00039292407226562497,0.00039203033447265625,0.0003867556762695313,0.0003910545654296875,0.0005197542724609375,0.0004979652709960938,0.00048636041259765626,0.00045100830078125,0.00038586627197265626,0.0004109681396484375,0.000393296142578125,0.0004000441284179688]},"pointMiss":{"operationsPerSample":16384,"samplesMsPerOperation":[0.00032330908203125004,0.00031734210205078126,0.0003208455810546875,0.0003161406860351562,0.0003167806396484375,0.000371219482421875,0.000319642578125,0.00032943841552734375,0.0003334935302734375,0.00032114282226562496,0.00033820233154296876,0.00032198931884765624,0.00032246368408203125,0.000318909423828125,0.00031773175048828125,0.000348254150390625,0.00031973944091796873,0.0003198956909179688,0.0003239034423828125,0.00031740484619140625]},"aggregateSamplesMs":[28.577606,27.86992,27.969517999999997,27.490613,27.41605,26.906282,26.746946,27.29413,27.259984,26.714828,26.181944,26.551483,26.671934,27.469776000000003,37.13598,29.094052,27.385927,27.15057,27.554662,27.323364],"count":1000000,"checksum":499999500000,"openBaselineRssBytes":11927552,"workloadPeakRssBytes":45875200,"workloadDeltaRssBytes":33947648,"retainedRssBytes":33947648,"baselineBreakdown":{"anonymousRssBytes":3944448,"fileBackedRssBytes":8171520,"heapMappingRssBytes":122880,"databaseMappedRssBytes":0},"retainedBreakdown":{"anonymousRssBytes":37814272,"fileBackedRssBytes":8302592,"heapMappingRssBytes":33992704,"databaseMappedRssBytes":0},"retainedDeltaBreakdown":{"anonymousRssBytes":33869824,"fileBackedRssBytes":131072,"heapMappingRssBytes":33869824,"databaseMappedRssBytes":0},"processDelta":{"readBytes":0,"writeBytes":0,"minorFaults":8286,"majorFaults":0}},"reopenVerified":true,"storageBytes":40636416}
