{"schema":"vicia.ref-db-bench.v5","engine":"sqlite","role":"embedded SQL reference","executionBoundary":"engineAggregate","facts":1000000,"repetitions":20,"trial":1,"seed":2026071402,"orderPosition":1,"adapterSchema":"facts(entity INTEGER PRIMARY KEY, value INTEGER NOT NULL)","semanticScope":"common current entity/value projection","durability":{"barrier":"COMMIT then close","batch":"1000 rows per SQL transaction","journalMode":"delete","synchronous":"full"},"runtimeVersion":"sqlite 3045001 (crate 0.36.0)","build":{"elapsedMs":2988.483638,"baselineRssBytes":11141120,"peakRssBytes":14811136,"processDelta":{"readBytes":0,"writeBytes":45723648,"minorFaults":568,"majorFaults":0}},"query":{"openMs":0.239855,"firstReadMs":0.040387,"pointHot":{"operationsPerSample":4096,"samplesMsPerOperation":[0.009518565185546874,0.009476828369140624,0.009509043457031251,0.0096519912109375,0.009460161865234375,0.009419188720703124,0.0092334267578125,0.009248083740234374,0.0092334443359375,0.009337483642578123,0.00959281884765625,0.009590159423828126,0.009272685302734377,0.00960744970703125,0.009298506103515625,0.00934735595703125,0.009176467041015626,0.009391358154296876,0.009280121337890624,0.0092934013671875]},"pointDistributed":{"operationsPerSample":4096,"samplesMsPerOperation":[0.010703669677734376,0.00986300341796875,0.009443360595703124,0.009400968505859374,0.009567202880859375,0.009806711669921876,0.009533015869140625,0.009478202880859377,0.009244447509765623,0.00957038818359375,0.009425884765625,0.009332220947265626,0.009438197998046877,0.009684451416015623,0.009607316162109374,0.009387073974609377,0.010042511962890624,0.009375998535156253,0.009544133544921877,0.009393163330078126]},"pointMiss":{"operationsPerSample":4096,"samplesMsPerOperation":[0.00960990185546875,0.00909098291015625,0.009083933837890626,0.009389781494140624,0.00928574951171875,0.0094045,0.009422171630859375,0.009280830322265624,0.009643821533203126,0.009407640869140624,0.0093454755859375,0.009148431396484377,0.0091917490234375,0.00911148828125,0.0091516962890625,0.009118609375,0.009122179443359376,0.00932086376953125,0.009303505371093751,0.0091427255859375]},"aggregateSamplesMs":[30.017657,28.493783,28.657201,28.908371,28.501181,28.479028,28.377003,28.442341,28.684386999999997,28.127581,28.317499,29.307153,28.497174,28.295804,28.357616,28.433911,28.86248,28.903178,28.667156,28.752819],"count":1000000,"checksum":499999500000,"openBaselineRssBytes":12451840,"workloadPeakRssBytes":14811136,"workloadDeltaRssBytes":2359296,"retainedRssBytes":2359296,"baselineBreakdown":{"anonymousRssBytes":4050944,"fileBackedRssBytes":8720384,"heapMappingRssBytes":225280,"databaseMappedRssBytes":0},"retainedBreakdown":{"anonymousRssBytes":6090752,"fileBackedRssBytes":8916992,"heapMappingRssBytes":2265088,"databaseMappedRssBytes":0},"retainedDeltaBreakdown":{"anonymousRssBytes":2039808,"fileBackedRssBytes":196608,"heapMappingRssBytes":2039808,"databaseMappedRssBytes":0},"processDelta":{"readBytes":0,"writeBytes":0,"minorFaults":499,"majorFaults":0}},"reopenVerified":true,"storageBytes":12038144}
