{"schema":"vicia.ref-db-bench.v5","engine":"sqlite","role":"embedded SQL reference","executionBoundary":"engineAggregate","facts":1000000,"repetitions":20,"trial":3,"seed":2026071404,"orderPosition":6,"adapterSchema":"facts(entity INTEGER PRIMARY KEY, value INTEGER NOT NULL)","semanticScope":"common current entity/value projection","durability":{"barrier":"COMMIT then close","batch":"1000 rows per SQL transaction","journalMode":"delete","synchronous":"full"},"runtimeVersion":"sqlite 3045001 (crate 0.36.0)","build":{"elapsedMs":2955.165096,"baselineRssBytes":11141120,"peakRssBytes":14548992,"processDelta":{"readBytes":0,"writeBytes":45723648,"minorFaults":567,"majorFaults":0}},"query":{"openMs":0.291131,"firstReadMs":0.040592,"pointHot":{"operationsPerSample":2048,"samplesMsPerOperation":[0.0099288271484375,0.00990339306640625,0.00948578564453125,0.00977873486328125,0.00955198193359375,0.009772125,0.009300008300781247,0.00940331396484375,0.009309708984375,0.00937339208984375,0.00927223046875,0.009686291503906251,0.0098742587890625,0.0093695439453125,0.0094080400390625,0.00980864306640625,0.00931349365234375,0.0093237841796875,0.00938549853515625,0.00931334521484375]},"pointDistributed":{"operationsPerSample":4096,"samplesMsPerOperation":[0.00985526708984375,0.009952861328125,0.009614735595703123,0.009658052734375,0.009810220458984376,0.009672946044921875,0.00949083984375,0.009502805419921876,0.0098465390625,0.00951583837890625,0.009637441894531251,0.00949864306640625,0.0098306513671875,0.0096837568359375,0.00979506103515625,0.009561661865234376,0.009478052001953124,0.009832439453125,0.0097093466796875,0.0096906259765625]},"pointMiss":{"operationsPerSample":4096,"samplesMsPerOperation":[0.009397418212890625,0.009642321533203125,0.00935661474609375,0.00959842578125,0.00987249462890625,0.009524808105468753,0.010078179931640624,0.009392830566406251,0.009403995361328124,0.009460927978515624,0.009570150634765623,0.009564383544921874,0.009935598876953123,0.00960984814453125,0.009433723388671874,0.010135193359375,0.009532443603515624,0.009589443603515624,0.009597441162109374,0.009563024169921877]},"aggregateSamplesMs":[31.745621,30.189017,30.112418,29.886768,29.390895,29.172182000000003,29.001582000000003,29.305511,29.427944,29.753825000000003,30.286636,30.096238,29.721475,32.194942999999995,33.835829999999994,29.529511000000003,30.245242,29.058666,28.7266,29.340492],"count":1000000,"checksum":499999500000,"openBaselineRssBytes":12451840,"workloadPeakRssBytes":14811136,"workloadDeltaRssBytes":2359296,"retainedRssBytes":2359296,"baselineBreakdown":{"anonymousRssBytes":4046848,"fileBackedRssBytes":8724480,"heapMappingRssBytes":221184,"databaseMappedRssBytes":0},"retainedBreakdown":{"anonymousRssBytes":6090752,"fileBackedRssBytes":8921088,"heapMappingRssBytes":2265088,"databaseMappedRssBytes":0},"retainedDeltaBreakdown":{"anonymousRssBytes":2043904,"fileBackedRssBytes":196608,"heapMappingRssBytes":2043904,"databaseMappedRssBytes":0},"processDelta":{"readBytes":0,"writeBytes":0,"minorFaults":516,"majorFaults":0}},"reopenVerified":true,"storageBytes":12038144}
