{"schema":"vicia.ref-db-bench.v5","engine":"sqlite","role":"embedded SQL reference","executionBoundary":"engineAggregate","facts":1000000,"repetitions":20,"trial":4,"seed":2026071405,"orderPosition":5,"adapterSchema":"facts(entity INTEGER PRIMARY KEY, value INTEGER NOT NULL)","semanticScope":"common current entity/value projection","durability":{"barrier":"COMMIT then close","batch":"1000 rows per SQL transaction","journalMode":"delete","synchronous":"full"},"runtimeVersion":"sqlite 3045001 (crate 0.36.0)","build":{"elapsedMs":3030.5950909999997,"baselineRssBytes":11141120,"peakRssBytes":14548992,"processDelta":{"readBytes":0,"writeBytes":45723648,"minorFaults":568,"majorFaults":0}},"query":{"openMs":0.24853,"firstReadMs":0.040369,"pointHot":{"operationsPerSample":4096,"samplesMsPerOperation":[0.009401062255859375,0.009593964599609374,0.00945898779296875,0.009649430908203126,0.009299631103515626,0.009438497802734376,0.00921281689453125,0.009218965576171877,0.0093926259765625,0.009432218994140623,0.009639947265625,0.0091714560546875,0.009166921875,0.009274791748046875,0.009365855957031249,0.00928305712890625,0.009536178222656249,0.009361713623046875,0.0093816865234375,0.009258988037109376]},"pointDistributed":{"operationsPerSample":2048,"samplesMsPerOperation":[0.00991058544921875,0.009484607421875,0.009879919921875,0.009377885253906253,0.009407697265625,0.00976750244140625,0.0096326845703125,0.00953680712890625,0.0097291376953125,0.0094825732421875,0.00955846533203125,0.00957806689453125,0.0095604638671875,0.00970628271484375,0.009639495605468751,0.00922670361328125,0.009624107421875,0.009605494140625,0.00951878662109375,0.01005309375]},"pointMiss":{"operationsPerSample":4096,"samplesMsPerOperation":[0.01020455224609375,0.00962518505859375,0.009309931396484375,0.009256771240234376,0.00925732568359375,0.009355925292968753,0.00924621044921875,0.00943714794921875,0.009335697998046876,0.00931361572265625,0.009314725830078124,0.00970085205078125,0.009319745849609377,0.009459166259765624,0.00938235986328125,0.009542464599609377,0.0104607763671875,0.009524641113281253,0.0093495654296875,0.009632134277343753]},"aggregateSamplesMs":[30.787022,29.990691,29.585561,29.821846,29.583402000000003,29.400058,29.164017,30.306946,33.754919,30.493921,30.661535,33.39245,30.052028,29.854753,29.66277,29.423194,29.566142,29.140842,29.664167000000003,34.322864],"count":1000000,"checksum":499999500000,"openBaselineRssBytes":12320768,"workloadPeakRssBytes":14680064,"workloadDeltaRssBytes":2359296,"retainedRssBytes":2359296,"baselineBreakdown":{"anonymousRssBytes":4046848,"fileBackedRssBytes":8585216,"heapMappingRssBytes":221184,"databaseMappedRssBytes":0},"retainedBreakdown":{"anonymousRssBytes":6090752,"fileBackedRssBytes":8847360,"heapMappingRssBytes":2265088,"databaseMappedRssBytes":0},"retainedDeltaBreakdown":{"anonymousRssBytes":2043904,"fileBackedRssBytes":262144,"heapMappingRssBytes":2043904,"databaseMappedRssBytes":0},"processDelta":{"readBytes":0,"writeBytes":0,"minorFaults":517,"majorFaults":0}},"reopenVerified":true,"storageBytes":12038144}
