{"schema":"vicia.ref-db-bench.v5","engine":"sqlite","role":"embedded SQL reference","executionBoundary":"engineAggregate","facts":1000000,"repetitions":20,"trial":2,"seed":2026071403,"orderPosition":0,"adapterSchema":"facts(entity INTEGER PRIMARY KEY, value INTEGER NOT NULL)","semanticScope":"common current entity/value projection","durability":{"barrier":"COMMIT then close","batch":"1000 rows per SQL transaction","journalMode":"delete","synchronous":"full"},"runtimeVersion":"sqlite 3045001 (crate 0.36.0)","build":{"elapsedMs":2868.325053,"baselineRssBytes":11272192,"peakRssBytes":14811136,"processDelta":{"readBytes":8192,"writeBytes":45723648,"minorFaults":569,"majorFaults":0}},"query":{"openMs":0.233155,"firstReadMs":0.045581,"pointHot":{"operationsPerSample":4096,"samplesMsPerOperation":[0.009155419189453125,0.0095265068359375,0.0092186279296875,0.0092770185546875,0.009112805419921877,0.009631502197265624,0.009332559814453124,0.0093679326171875,0.00969254296875,0.010007813232421874,0.009402556640625,0.009226555908203125,0.009390032958984374,0.00903276806640625,0.009420115722656249,0.009237744140625,0.009288207763671875,0.009460897705078124,0.0095460380859375,0.009354369628906251]},"pointDistributed":{"operationsPerSample":4096,"samplesMsPerOperation":[0.00925891064453125,0.0094033583984375,0.009505929931640626,0.009291696533203126,0.0094401376953125,0.009120380615234376,0.00918670556640625,0.009174514404296874,0.009414779296875,0.00949831298828125,0.009288000732421874,0.009388560302734376,0.00930725244140625,0.0092170771484375,0.009152006591796874,0.009145923583984377,0.009169941650390626,0.00932410400390625,0.009176640625,0.01033727294921875]},"pointMiss":{"operationsPerSample":4096,"samplesMsPerOperation":[0.00920248486328125,0.009082333740234374,0.00937387255859375,0.009384340087890623,0.009181037109375,0.009166552001953128,0.0090122373046875,0.009003708740234375,0.00900453662109375,0.009068140380859374,0.008981863769531251,0.009123997558593753,0.008994163330078124,0.009042804199218747,0.009031812255859376,0.0091825712890625,0.009130348876953125,0.009016961425781253,0.00900416015625,0.009323837890625]},"aggregateSamplesMs":[29.925105,30.248128,29.000861,28.521106,28.363614,28.303511,28.534063,28.969772000000003,28.344947,28.877904,28.189204,28.227507999999997,28.806685,28.340913,28.219809,28.768877000000003,28.595275,28.55288,28.63437,28.635091000000003],"count":1000000,"checksum":499999500000,"openBaselineRssBytes":12320768,"workloadPeakRssBytes":14811136,"workloadDeltaRssBytes":2490368,"retainedRssBytes":2490368,"baselineBreakdown":{"anonymousRssBytes":4046848,"fileBackedRssBytes":8654848,"heapMappingRssBytes":221184,"databaseMappedRssBytes":0},"retainedBreakdown":{"anonymousRssBytes":6090752,"fileBackedRssBytes":8982528,"heapMappingRssBytes":2265088,"databaseMappedRssBytes":0},"retainedDeltaBreakdown":{"anonymousRssBytes":2043904,"fileBackedRssBytes":327680,"heapMappingRssBytes":2043904,"databaseMappedRssBytes":0},"processDelta":{"readBytes":0,"writeBytes":0,"minorFaults":518,"majorFaults":0}},"reopenVerified":true,"storageBytes":12038144}
