{"schema":"vicia.ref-db-bench.v5","engine":"sqlite","role":"embedded SQL reference","executionBoundary":"engineAggregate","facts":1000000,"repetitions":20,"trial":0,"seed":2026071401,"orderPosition":2,"adapterSchema":"facts(entity INTEGER PRIMARY KEY, value INTEGER NOT NULL)","semanticScope":"common current entity/value projection","durability":{"barrier":"COMMIT then close","batch":"1000 rows per SQL transaction","journalMode":"delete","synchronous":"full"},"runtimeVersion":"sqlite 3045001 (crate 0.36.0)","build":{"elapsedMs":3230.4972209999996,"baselineRssBytes":11141120,"peakRssBytes":14680064,"processDelta":{"readBytes":0,"writeBytes":45723648,"minorFaults":568,"majorFaults":0}},"query":{"openMs":0.275397,"firstReadMs":0.048958,"pointHot":{"operationsPerSample":2048,"samplesMsPerOperation":[0.0100013515625,0.010088078125,0.010621282714843751,0.01056420751953125,0.010567720703125,0.01050689501953125,0.010186806640625,0.0102604853515625,0.01003930517578125,0.0101088896484375,0.0104751259765625,0.01038249072265625,0.010153130859375,0.0100604521484375,0.01026332275390625,0.00995159765625,0.00989059814453125,0.00990259130859375,0.010220832519531249,0.010129033203125]},"pointDistributed":{"operationsPerSample":2048,"samplesMsPerOperation":[0.01064259326171875,0.010162168457031249,0.01023759912109375,0.0101157998046875,0.0101735302734375,0.0105235205078125,0.010017888671875,0.010008185546875,0.0109378505859375,0.01018747265625,0.010105117675781247,0.010204115234375,0.0102648349609375,0.0103242265625,0.010100970703125,0.0104860908203125,0.01048014697265625,0.01047920556640625,0.0105786611328125,0.01037772998046875]},"pointMiss":{"operationsPerSample":2048,"samplesMsPerOperation":[0.010619521972656249,0.01029287353515625,0.0102243837890625,0.01020518115234375,0.010464849609375,0.0099534931640625,0.01010656982421875,0.010304124023437502,0.01024255712890625,0.00987324169921875,0.00981079931640625,0.010143865234375,0.009868154296875,0.009900107910156247,0.01018679248046875,0.00985139111328125,0.01009868701171875,0.01043890185546875,0.010209728515625,0.01011409765625]},"aggregateSamplesMs":[34.598535999999996,32.168890999999995,32.19875,32.177631999999996,32.285284999999995,31.961307,32.126342,31.996536,31.797802,32.768820999999996,31.883787,31.820092,31.662037,31.861296999999997,31.978147999999997,31.909692000000003,32.358875000000005,31.223916,31.139254,31.594394],"count":1000000,"checksum":499999500000,"openBaselineRssBytes":12451840,"workloadPeakRssBytes":14811136,"workloadDeltaRssBytes":2359296,"retainedRssBytes":2359296,"baselineBreakdown":{"anonymousRssBytes":4046848,"fileBackedRssBytes":8732672,"heapMappingRssBytes":221184,"databaseMappedRssBytes":0},"retainedBreakdown":{"anonymousRssBytes":6090752,"fileBackedRssBytes":8929280,"heapMappingRssBytes":2265088,"databaseMappedRssBytes":0},"retainedDeltaBreakdown":{"anonymousRssBytes":2043904,"fileBackedRssBytes":196608,"heapMappingRssBytes":2043904,"databaseMappedRssBytes":0},"processDelta":{"readBytes":0,"writeBytes":0,"minorFaults":516,"majorFaults":0}},"reopenVerified":true,"storageBytes":12038144}
