{"schema":"vicia.ref-db-bench.v5","engine":"turso","role":"embedded SQL peer","executionBoundary":"engineAggregate","facts":1000000,"repetitions":20,"trial":3,"seed":2026071404,"orderPosition":2,"adapterSchema":"facts(entity INTEGER PRIMARY KEY, value INTEGER NOT NULL)","semanticScope":"common current entity/value projection","durability":{"barrier":"COMMIT then close","batch":"1000 rows per SQL transaction"},"runtimeVersion":null,"build":{"elapsedMs":5813.407263,"baselineRssBytes":11141120,"peakRssBytes":27901952,"processDelta":{"readBytes":0,"writeBytes":41132032,"minorFaults":332,"majorFaults":0}},"query":{"openMs":0.797434,"firstReadMs":0.203397,"pointHot":{"operationsPerSample":4096,"samplesMsPerOperation":[0.006784166748046875,0.006896320556640625,0.0068326337890625005,0.00690352294921875,0.006849776611328125,0.006967049072265625,0.006817727783203125,0.007105957275390625,0.006862466796874999,0.006796351318359375,0.007143214111328125,0.006801491210937501,0.007116063964843751,0.0067707939453125,0.00698693798828125,0.007126991943359375,0.007501204589843749,0.007218861572265625,0.0069135878906250005,0.0070051691894531245]},"pointDistributed":{"operationsPerSample":2048,"samplesMsPerOperation":[0.01047561474609375,0.00893182373046875,0.00825620849609375,0.008192990722656252,0.00801683984375,0.007904494140625,0.0075863935546875,0.007788913574218749,0.008013546386718749,0.00785907177734375,0.0075087705078125,0.0074256845703125,0.00742155859375,0.0079478662109375,0.00784312353515625,0.00759637451171875,0.007908000976562501,0.00831582861328125,0.008118588867187498,0.00806161962890625]},"pointMiss":{"operationsPerSample":4096,"samplesMsPerOperation":[0.006609153564453125,0.006638576904296875,0.006691558837890625,0.00654216015625,0.0066046276855468745,0.006622935302734375,0.006486906005859375,0.006682510253906249,0.0066426826171875,0.00676951611328125,0.00658104443359375,0.006788994384765625,0.006955613525390625,0.0065542224121093754,0.0067344152832031256,0.006799031982421874,0.006589846923828125,0.00676434912109375,0.0064923037109375,0.006682290771484375]},"aggregateSamplesMs":[74.324414,74.327989,72.171914,71.09525,70.18287099999999,71.468854,70.849784,71.0365,70.636926,71.469122,70.77016,71.53515,71.144398,72.478528,83.791477,71.80368299999999,72.073405,81.059752,70.987788,72.07611399999999],"count":1000000,"checksum":499999500000,"openBaselineRssBytes":19714048,"workloadPeakRssBytes":30199808,"workloadDeltaRssBytes":10485760,"retainedRssBytes":10485760,"baselineBreakdown":{"anonymousRssBytes":6168576,"fileBackedRssBytes":13701120,"heapMappingRssBytes":237568,"databaseMappedRssBytes":0},"retainedBreakdown":{"anonymousRssBytes":13799424,"fileBackedRssBytes":16769024,"heapMappingRssBytes":5820416,"databaseMappedRssBytes":0},"retainedDeltaBreakdown":{"anonymousRssBytes":7630848,"fileBackedRssBytes":3067904,"heapMappingRssBytes":5582848,"databaseMappedRssBytes":0},"processDelta":{"readBytes":0,"writeBytes":0,"minorFaults":1911,"majorFaults":0}},"reopenVerified":true,"storageBytes":12125128}
