{"schema":"vicia.ref-db-bench.v5","engine":"turso","role":"embedded SQL peer","executionBoundary":"engineAggregate","facts":1000000,"repetitions":20,"trial":1,"seed":2026071402,"orderPosition":4,"adapterSchema":"facts(entity INTEGER PRIMARY KEY, value INTEGER NOT NULL)","semanticScope":"common current entity/value projection","durability":{"barrier":"COMMIT then close","batch":"1000 rows per SQL transaction"},"runtimeVersion":null,"build":{"elapsedMs":5889.372351999999,"baselineRssBytes":11010048,"peakRssBytes":26701824,"processDelta":{"readBytes":0,"writeBytes":41132032,"minorFaults":569,"majorFaults":0}},"query":{"openMs":0.828554,"firstReadMs":0.185743,"pointHot":{"operationsPerSample":4096,"samplesMsPerOperation":[0.006338810302734374,0.00649374951171875,0.006434115966796875,0.00649646875,0.006422618896484375,0.0073822993164062494,0.007994286865234375,0.00681413427734375,0.00649976416015625,0.0065403388671875,0.006551226806640624,0.006500382568359375,0.0064581962890625,0.006283551513671875,0.006302061279296875,0.006251335693359375,0.00640868798828125,0.006347847412109375,0.006308597412109375,0.0063324763183593745]},"pointDistributed":{"operationsPerSample":4096,"samplesMsPerOperation":[0.00703018310546875,0.00689784033203125,0.0069169282226562495,0.0069506806640625,0.007123905517578124,0.006980525634765625,0.0070726804199218755,0.007147539794921875,0.00715738720703125,0.007205827392578125,0.007018989257812499,0.007374810302734375,0.007564129150390625,0.0073337265625,0.00733649609375,0.007747725341796875,0.007346114501953126,0.00696913525390625,0.00692892138671875,0.0068896103515625005]},"pointMiss":{"operationsPerSample":4096,"samplesMsPerOperation":[0.0075142385253906254,0.006101735107421875,0.006221389404296875,0.00606054736328125,0.00614126611328125,0.0062447036132812495,0.006199795654296875,0.006227436279296875,0.00605927783203125,0.006169630126953125,0.0061441960449218755,0.00602306201171875,0.0060515000000000005,0.006059871337890626,0.006254885253906249,0.0062485576171875,0.0061500451660156255,0.0067644450683593755,0.0064503701171875,0.00646606591796875]},"aggregateSamplesMs":[70.613866,69.980839,70.717113,69.323148,70.01524500000001,69.58540500000001,68.570779,69.324276,67.996188,67.789152,67.54311,68.974793,69.721599,67.816115,67.52967799999999,68.11971,68.713756,68.098699,68.333893,68.595083],"count":1000000,"checksum":499999500000,"openBaselineRssBytes":19582976,"workloadPeakRssBytes":30068736,"workloadDeltaRssBytes":10485760,"retainedRssBytes":10485760,"baselineBreakdown":{"anonymousRssBytes":6168576,"fileBackedRssBytes":13504512,"heapMappingRssBytes":237568,"databaseMappedRssBytes":0},"retainedBreakdown":{"anonymousRssBytes":13807616,"fileBackedRssBytes":16572416,"heapMappingRssBytes":5820416,"databaseMappedRssBytes":0},"retainedDeltaBreakdown":{"anonymousRssBytes":7639040,"fileBackedRssBytes":3067904,"heapMappingRssBytes":5582848,"databaseMappedRssBytes":0},"processDelta":{"readBytes":0,"writeBytes":0,"minorFaults":1914,"majorFaults":0}},"reopenVerified":true,"storageBytes":12125128}
