{"schema":"vicia.ref-db-bench.v5","engine":"turso","role":"embedded SQL peer","executionBoundary":"engineAggregate","facts":1000000,"repetitions":20,"trial":0,"seed":2026071401,"orderPosition":5,"adapterSchema":"facts(entity INTEGER PRIMARY KEY, value INTEGER NOT NULL)","semanticScope":"common current entity/value projection","durability":{"barrier":"COMMIT then close","batch":"1000 rows per SQL transaction"},"runtimeVersion":null,"build":{"elapsedMs":6249.90073,"baselineRssBytes":11010048,"peakRssBytes":24383488,"processDelta":{"readBytes":0,"writeBytes":41132032,"minorFaults":562,"majorFaults":0}},"query":{"openMs":0.7883060000000001,"firstReadMs":0.21362,"pointHot":{"operationsPerSample":4096,"samplesMsPerOperation":[0.006370244384765625,0.006506109130859375,0.007137571289062499,0.00825960205078125,0.00731716162109375,0.006304841796875,0.0065993681640625,0.00642600927734375,0.00644125390625,0.00752205224609375,0.0069485751953125,0.006586898925781249,0.0065954892578125,0.006538051513671875,0.00654164208984375,0.007702366943359375,0.00652396875,0.006530614990234375,0.006308516357421874,0.006401319091796875]},"pointDistributed":{"operationsPerSample":4096,"samplesMsPerOperation":[0.007760669677734375,0.007200447265625,0.007423490234375,0.00761668896484375,0.0074583330078125,0.007020219482421875,0.007305466552734375,0.00724566259765625,0.007158547119140625,0.0071121708984375,0.007265321533203125,0.008097938232421874,0.00708079248046875,0.007449394775390625,0.008831853515625,0.007127822021484375,0.007125567871093749,0.00723420849609375,0.007043896484375,0.0074097998046875]},"pointMiss":{"operationsPerSample":4096,"samplesMsPerOperation":[0.006215119873046875,0.006265521728515625,0.006122804443359375,0.0063470854492187504,0.006570069091796875,0.00629886279296875,0.0060246796875,0.006118223876953125,0.0061966625976562495,0.0066899775390625,0.006198611328125,0.00631820361328125,0.006294465576171875,0.006916201904296875,0.00660293115234375,0.006320334716796875,0.006209466552734375,0.0061982216796875,0.0062485488281250005,0.006144588134765625]},"aggregateSamplesMs":[71.647296,71.509739,71.66935500000001,70.96227099999999,71.55305800000001,72.475022,72.68598499999999,70.45318999999999,69.273372,69.976287,70.987122,71.543007,74.226297,70.54033199999999,69.03649200000001,71.475634,72.349386,70.713421,68.91622799999999,70.29013300000001],"count":1000000,"checksum":499999500000,"openBaselineRssBytes":19709952,"workloadPeakRssBytes":30326784,"workloadDeltaRssBytes":10616832,"retainedRssBytes":10616832,"baselineBreakdown":{"anonymousRssBytes":6164480,"fileBackedRssBytes":13766656,"heapMappingRssBytes":233472,"databaseMappedRssBytes":0},"retainedBreakdown":{"anonymousRssBytes":13852672,"fileBackedRssBytes":16773120,"heapMappingRssBytes":5820416,"databaseMappedRssBytes":0},"retainedDeltaBreakdown":{"anonymousRssBytes":7688192,"fileBackedRssBytes":3006464,"heapMappingRssBytes":5586944,"databaseMappedRssBytes":0},"processDelta":{"readBytes":0,"writeBytes":0,"minorFaults":1923,"majorFaults":0}},"reopenVerified":true,"storageBytes":12125128}
