{"schema":"vicia.ref-db-bench.v5","engine":"turso","role":"embedded SQL peer","executionBoundary":"engineAggregate","facts":1000000,"repetitions":20,"trial":4,"seed":2026071405,"orderPosition":1,"adapterSchema":"facts(entity INTEGER PRIMARY KEY, value INTEGER NOT NULL)","semanticScope":"common current entity/value projection","durability":{"barrier":"COMMIT then close","batch":"1000 rows per SQL transaction"},"runtimeVersion":null,"build":{"elapsedMs":5873.519244,"baselineRssBytes":11141120,"peakRssBytes":23461888,"processDelta":{"readBytes":0,"writeBytes":41132032,"minorFaults":827,"majorFaults":0}},"query":{"openMs":1.384341,"firstReadMs":0.201121,"pointHot":{"operationsPerSample":4096,"samplesMsPerOperation":[0.006745736328125,0.006842836669921875,0.0068613837890625,0.0069348203125,0.006913544677734375,0.006728072998046875,0.006869732666015625,0.00693407421875,0.006904204833984375,0.0068421042480468755,0.00703509423828125,0.0069441940917968755,0.007077689453125,0.007022781005859374,0.006576109375,0.0065929736328125,0.00693436865234375,0.0069259375,0.00669380810546875,0.0068465380859375]},"pointDistributed":{"operationsPerSample":4096,"samplesMsPerOperation":[0.007624920166015625,0.008574063232421875,0.007472373046875,0.00748839404296875,0.00804724365234375,0.00784998779296875,0.007730911376953125,0.007771249755859374,0.007882755615234376,0.0082963896484375,0.008832664794921875,0.00797037109375,0.008632540771484374,0.00800877294921875,0.00896421630859375,0.007875497314453125,0.00807581396484375,0.00847109423828125,0.008640648437499999,0.007615845947265625]},"pointMiss":{"operationsPerSample":4096,"samplesMsPerOperation":[0.00650149560546875,0.00649664404296875,0.006443693115234375,0.006440468017578125,0.00643158642578125,0.00678705908203125,0.006728781982421875,0.00650662255859375,0.0074335190429687505,0.006534376708984375,0.007016595458984375,0.00690847900390625,0.0071884477539062505,0.00814834912109375,0.006863718017578125,0.006681115234375001,0.006644789306640625,0.0065316220703125006,0.0066788527832031255,0.006702785156249999]},"aggregateSamplesMs":[76.648682,77.763453,76.429318,76.62181899999999,75.42700300000001,76.602571,79.62493099999999,75.952354,77.21294900000001,76.739272,76.101628,77.142606,75.952833,76.549934,78.903313,77.16577099999999,75.606545,76.480692,75.752967,76.941697],"count":1000000,"checksum":499999500000,"openBaselineRssBytes":19447808,"workloadPeakRssBytes":30064640,"workloadDeltaRssBytes":10616832,"retainedRssBytes":10616832,"baselineBreakdown":{"anonymousRssBytes":6168576,"fileBackedRssBytes":13504512,"heapMappingRssBytes":237568,"databaseMappedRssBytes":0},"retainedBreakdown":{"anonymousRssBytes":13795328,"fileBackedRssBytes":16629760,"heapMappingRssBytes":5820416,"databaseMappedRssBytes":0},"retainedDeltaBreakdown":{"anonymousRssBytes":7626752,"fileBackedRssBytes":3125248,"heapMappingRssBytes":5582848,"databaseMappedRssBytes":0},"processDelta":{"readBytes":0,"writeBytes":0,"minorFaults":1911,"majorFaults":0}},"reopenVerified":true,"storageBytes":12125128}
