{"schema":"vicia.ref-db-bench.v5","engine":"turso","role":"embedded SQL peer","executionBoundary":"engineAggregate","facts":1000000,"repetitions":20,"trial":2,"seed":2026071403,"orderPosition":3,"adapterSchema":"facts(entity INTEGER PRIMARY KEY, value INTEGER NOT NULL)","semanticScope":"common current entity/value projection","durability":{"barrier":"COMMIT then close","batch":"1000 rows per SQL transaction"},"runtimeVersion":null,"build":{"elapsedMs":5955.8374189999995,"baselineRssBytes":11141120,"peakRssBytes":26845184,"processDelta":{"readBytes":0,"writeBytes":41132032,"minorFaults":568,"majorFaults":0}},"query":{"openMs":0.739384,"firstReadMs":0.201225,"pointHot":{"operationsPerSample":4096,"samplesMsPerOperation":[0.006873537841796875,0.006730996337890625,0.0065368779296875006,0.0066668994140625,0.00667329248046875,0.00678792822265625,0.006589915039062501,0.007083233642578125,0.00656614599609375,0.0065253889160156245,0.006492816162109375,0.0068365866699218744,0.0068068671875,0.0067013325195312504,0.006509146484375,0.0064744697265625,0.006536939697265625,0.006510478271484375,0.006449604248046875,0.006635636230468749]},"pointDistributed":{"operationsPerSample":4096,"samplesMsPerOperation":[0.00735819384765625,0.00744440283203125,0.007319028076171875,0.0071596633300781256,0.00725058447265625,0.0074532275390625,0.007201176025390625,0.007278157958984375,0.00734066162109375,0.0072105849609375,0.0071834501953125,0.007389431884765625,0.007355717041015625,0.007467858642578125,0.007454990966796875,0.007230309814453125,0.0074228017578125,0.007253673828125,0.007216856689453125,0.007340368408203125]},"pointMiss":{"operationsPerSample":4096,"samplesMsPerOperation":[0.006307972412109375,0.0062929384765625,0.0063433518066406255,0.00623554248046875,0.006387364990234375,0.006282952880859375,0.006281990966796875,0.006263252197265625,0.006584287841796875,0.006726373535156251,0.0065508354492187495,0.00648145947265625,0.00633739453125,0.0064287788085937506,0.0063550412597656245,0.0065733359375,0.006513444091796875,0.006620101806640625,0.006404699462890625,0.00628863916015625]},"aggregateSamplesMs":[70.08555700000001,68.752358,71.98418500000001,70.120508,68.541151,68.270537,68.41905299999999,69.340733,67.54740600000001,67.512138,70.697191,68.653011,67.75331299999999,67.773078,67.92714,67.783796,67.81540199999999,67.389912,67.712193,68.400418],"count":1000000,"checksum":499999500000,"openBaselineRssBytes":19451904,"workloadPeakRssBytes":30199808,"workloadDeltaRssBytes":10747904,"retainedRssBytes":10747904,"baselineBreakdown":{"anonymousRssBytes":6168576,"fileBackedRssBytes":13557760,"heapMappingRssBytes":237568,"databaseMappedRssBytes":0},"retainedBreakdown":{"anonymousRssBytes":13725696,"fileBackedRssBytes":16887808,"heapMappingRssBytes":5820416,"databaseMappedRssBytes":0},"retainedDeltaBreakdown":{"anonymousRssBytes":7557120,"fileBackedRssBytes":3330048,"heapMappingRssBytes":5582848,"databaseMappedRssBytes":0},"processDelta":{"readBytes":0,"writeBytes":0,"minorFaults":1896,"majorFaults":0}},"reopenVerified":true,"storageBytes":12125128}
