{"schema":"vicia.ref-db-bench.v5","engine":"vicia","role":"bi-temporal Datalog product","executionBoundary":"engineAggregate","facts":1000000,"repetitions":20,"trial":4,"seed":2026071405,"orderPosition":3,"adapterSchema":"EAV ledger fact: entity + attribute + integer value + bi-temporal identity","semanticScope":"native bi-temporal current projection","durability":{"barrier":"checkpoint then close","batch":"1000 facts per ledger transaction"},"runtimeVersion":null,"build":{"elapsedMs":5562.217961,"baselineRssBytes":11272192,"peakRssBytes":537497600,"processDelta":{"readBytes":0,"writeBytes":340353024,"minorFaults":144832,"majorFaults":0}},"query":{"openMs":0.670486,"firstReadMs":0.081877,"pointHot":{"operationsPerSample":8192,"samplesMsPerOperation":[0.004165206787109375,0.004191019409179687,0.004236977783203125,0.00429612353515625,0.0043030819091796875,0.0042800477294921875,0.0042131584472656245,0.00421085595703125,0.004271511596679688,0.004255959228515625,0.004192372314453126,0.004265046874999999,0.004234869018554687,0.004274770263671876,0.004242231323242187,0.00419934619140625,0.004310298950195312,0.004222302612304688,0.004275135498046876,0.004152750854492187]},"pointDistributed":{"operationsPerSample":4096,"samplesMsPerOperation":[0.00894332470703125,0.008914795410156249,0.008933362060546875,0.008823514404296875,0.00899041357421875,0.008959818847656249,0.009316589111328126,0.0090297021484375,0.00915509130859375,0.00906336474609375,0.008999844970703125,0.008794694091796874,0.00879600244140625,0.00886816796875,0.009099950439453126,0.009068973876953124,0.009350164794921874,0.009094448730468751,0.0092060673828125,0.008777499755859376]},"pointMiss":{"operationsPerSample":4096,"samplesMsPerOperation":[0.006711595458984375,0.00693434619140625,0.0067998869628906255,0.006732934570312501,0.006734946533203125,0.00671775,0.0070057277832031245,0.006776460205078125,0.0067086953125,0.006755109374999999,0.006710426025390626,0.0067782888183593746,0.006579762939453125,0.00661327294921875,0.006656451416015625,0.006640087890625,0.0067221015625,0.006823637451171875,0.006608968994140625,0.006671197265625]},"aggregateSamplesMs":[170.89383,171.45538900000005,170.13256800000002,170.264888,171.760662,171.515925,172.044104,171.797103,172.151055,171.261051,169.416372,168.140087,175.71706600000002,172.010412,170.995069,170.58051,173.455873,172.707701,176.452009,169.39838400000002],"count":1000000,"checksum":499999500000,"openBaselineRssBytes":12689408,"workloadPeakRssBytes":14393344,"workloadDeltaRssBytes":1703936,"retainedRssBytes":1703936,"baselineBreakdown":{"anonymousRssBytes":4177920,"fileBackedRssBytes":8650752,"heapMappingRssBytes":86016,"databaseMappedRssBytes":0},"retainedBreakdown":{"anonymousRssBytes":5296128,"fileBackedRssBytes":9371648,"heapMappingRssBytes":1200128,"databaseMappedRssBytes":0},"retainedDeltaBreakdown":{"anonymousRssBytes":1118208,"fileBackedRssBytes":720896,"heapMappingRssBytes":1114112,"databaseMappedRssBytes":0},"processDelta":{"readBytes":0,"writeBytes":0,"minorFaults":286,"majorFaults":0}},"reopenVerified":true,"storageBytes":275365888}
