{"schema":"vicia.ref-db-bench.v5","engine":"vicia","role":"bi-temporal Datalog product","executionBoundary":"engineAggregate","facts":1000000,"repetitions":20,"trial":3,"seed":2026071404,"orderPosition":4,"adapterSchema":"EAV ledger fact: entity + attribute + integer value + bi-temporal identity","semanticScope":"native bi-temporal current projection","durability":{"barrier":"checkpoint then close","batch":"1000 facts per ledger transaction"},"runtimeVersion":null,"build":{"elapsedMs":5851.738537,"baselineRssBytes":11141120,"peakRssBytes":537251840,"processDelta":{"readBytes":0,"writeBytes":340353024,"minorFaults":144862,"majorFaults":0}},"query":{"openMs":0.696288,"firstReadMs":0.096719,"pointHot":{"operationsPerSample":8192,"samplesMsPerOperation":[0.004234487670898438,0.004625658325195312,0.0045141684570312495,0.00420283740234375,0.004208274291992187,0.004227379516601562,0.004082681640625,0.004575083129882813,0.0040698039550781245,0.004107136840820313,0.004052213745117187,0.0040566298828125,0.004023498657226563,0.004337003051757812,0.004136549438476563,0.004071959716796875,0.0040957841796875,0.004066096801757813,0.004074486694335937,0.004103026123046875]},"pointDistributed":{"operationsPerSample":4096,"samplesMsPerOperation":[0.00891276806640625,0.008976347412109375,0.009067044677734375,0.009257229736328126,0.008896388671875,0.009446673583984376,0.009079677734375,0.009051953857421876,0.00882428759765625,0.008862457275390626,0.008876607421875,0.00903683984375,0.008978239013671875,0.009064028564453123,0.0091542392578125,0.008826475341796876,0.008912754638671874,0.00886355029296875,0.009041979248046877,0.00921890283203125]},"pointMiss":{"operationsPerSample":4096,"samplesMsPerOperation":[0.0068771923828125,0.00702555517578125,0.006743135742187501,0.006647962890624999,0.006676236083984375,0.0068228857421875,0.00678652880859375,0.00655985546875,0.006748469726562499,0.006641248046875,0.006772089599609375,0.00657100390625,0.006860027587890625,0.00683699365234375,0.007196287841796875,0.006702000244140625,0.006574656494140625,0.006944335205078125,0.0067696140136718755,0.006693197509765625]},"aggregateSamplesMs":[170.978172,169.033674,169.525732,170.031601,171.685047,171.92197000000002,175.446138,170.80060899999998,170.268368,169.727995,171.44782899999998,170.361293,169.47367699999998,170.00164800000002,174.22190500000002,172.98376100000002,174.712387,170.065033,169.06152799999998,172.72802],"count":1000000,"checksum":499999500000,"openBaselineRssBytes":12554240,"workloadPeakRssBytes":14389248,"workloadDeltaRssBytes":1835008,"retainedRssBytes":1835008,"baselineBreakdown":{"anonymousRssBytes":4173824,"fileBackedRssBytes":8646656,"heapMappingRssBytes":86016,"databaseMappedRssBytes":0},"retainedBreakdown":{"anonymousRssBytes":5292032,"fileBackedRssBytes":9433088,"heapMappingRssBytes":1200128,"databaseMappedRssBytes":0},"retainedDeltaBreakdown":{"anonymousRssBytes":1118208,"fileBackedRssBytes":786432,"heapMappingRssBytes":1114112,"databaseMappedRssBytes":0},"processDelta":{"readBytes":0,"writeBytes":0,"minorFaults":287,"majorFaults":0}},"reopenVerified":true,"storageBytes":275365888}
