{"schema":"vicia.ref-db-bench.v5","engine":"vicia","role":"bi-temporal Datalog product","executionBoundary":"engineAggregate","facts":1000000,"repetitions":20,"trial":0,"seed":2026071401,"orderPosition":0,"adapterSchema":"EAV ledger fact: entity + attribute + integer value + bi-temporal identity","semanticScope":"native bi-temporal current projection","durability":{"barrier":"checkpoint then close","batch":"1000 facts per ledger transaction"},"runtimeVersion":null,"build":{"elapsedMs":6096.171645,"baselineRssBytes":11010048,"peakRssBytes":536907776,"processDelta":{"readBytes":8192,"writeBytes":340353024,"minorFaults":144862,"majorFaults":0}},"query":{"openMs":0.706659,"firstReadMs":0.083986,"pointHot":{"operationsPerSample":8192,"samplesMsPerOperation":[0.0042621591796875,0.0041499321289062505,0.004154930297851563,0.004119,0.004165909057617188,0.0041878664550781255,0.00414490380859375,0.004129214477539063,0.004174465087890625,0.004160810791015625,0.0041214437255859375,0.00419495947265625,0.004921023315429688,0.00420742236328125,0.004168499145507812,0.004278598022460937,0.0041808818359375,0.004119340087890624,0.0042582250976562494,0.004269440063476562]},"pointDistributed":{"operationsPerSample":4096,"samplesMsPerOperation":[0.00922218896484375,0.00925395703125,0.009251064453125,0.009218270751953124,0.009205234375,0.009182396240234376,0.009330682861328123,0.009819214599609374,0.0096428291015625,0.009169468017578128,0.009315099853515625,0.009136577392578124,0.00957936328125,0.009382671875,0.009504106689453125,0.009205431396484377,0.009410978515625,0.0093140966796875,0.00956443408203125,0.0093528408203125]},"pointMiss":{"operationsPerSample":4096,"samplesMsPerOperation":[0.0069396337890625,0.006745714843749999,0.00683310693359375,0.006846152832031251,0.006867936767578125,0.0067444038085937505,0.006755926025390625,0.0067858041992187495,0.006866667724609375,0.006820420166015625,0.006737345214843749,0.00683740234375,0.006943617919921876,0.00677249462890625,0.006812916748046875,0.006855329345703125,0.006939508544921875,0.006967990966796875,0.0068533115234375,0.0070802314453125]},"aggregateSamplesMs":[172.37228399999998,176.090761,177.24023599999998,175.542489,174.142205,176.138821,173.789326,175.090799,173.503836,175.174391,173.477005,174.92118200000002,172.08915,172.313981,173.37417299999998,176.061748,174.417468,180.689874,174.221653,172.96222],"count":1000000,"checksum":499999500000,"openBaselineRssBytes":12816384,"workloadPeakRssBytes":14520320,"workloadDeltaRssBytes":1703936,"retainedRssBytes":1703936,"baselineBreakdown":{"anonymousRssBytes":4173824,"fileBackedRssBytes":8826880,"heapMappingRssBytes":86016,"databaseMappedRssBytes":0},"retainedBreakdown":{"anonymousRssBytes":5292032,"fileBackedRssBytes":9482240,"heapMappingRssBytes":1200128,"databaseMappedRssBytes":0},"retainedDeltaBreakdown":{"anonymousRssBytes":1118208,"fileBackedRssBytes":655360,"heapMappingRssBytes":1114112,"databaseMappedRssBytes":0},"processDelta":{"readBytes":0,"writeBytes":0,"minorFaults":285,"majorFaults":0}},"reopenVerified":true,"storageBytes":275365888}
