{"schema":"vicia.ref-db-bench.v5","engine":"vicia","role":"bi-temporal Datalog product","executionBoundary":"engineAggregate","facts":1000000,"repetitions":20,"trial":1,"seed":2026071402,"orderPosition":6,"adapterSchema":"EAV ledger fact: entity + attribute + integer value + bi-temporal identity","semanticScope":"native bi-temporal current projection","durability":{"barrier":"checkpoint then close","batch":"1000 facts per ledger transaction"},"runtimeVersion":null,"build":{"elapsedMs":5924.611434,"baselineRssBytes":11141120,"peakRssBytes":537686016,"processDelta":{"readBytes":8192,"writeBytes":340353024,"minorFaults":144908,"majorFaults":0}},"query":{"openMs":0.656517,"firstReadMs":0.083178,"pointHot":{"operationsPerSample":8192,"samplesMsPerOperation":[0.004111139282226562,0.004113753662109375,0.004150097900390625,0.004041525390625,0.0041091870117187495,0.004045711059570313,0.004142626953125,0.004138427001953124,0.00407227685546875,0.004127234130859375,0.004029970092773437,0.004139340454101563,0.004158543334960937,0.004132363159179688,0.004170359497070313,0.004127582275390625,0.004171919799804687,0.0041373590087890625,0.00411976513671875,0.0040933579101562504]},"pointDistributed":{"operationsPerSample":4096,"samplesMsPerOperation":[0.008769559082031251,0.008764739990234374,0.008770636718749999,0.009213777099609376,0.009033522705078128,0.008852377685546876,0.00892228662109375,0.009027538330078124,0.008974446777343749,0.0089141064453125,0.008821505615234376,0.008965005615234375,0.00891269775390625,0.008909510986328124,0.008744227050781251,0.00927859912109375,0.00907907861328125,0.00999972265625,0.00904416552734375,0.00909069091796875]},"pointMiss":{"operationsPerSample":4096,"samplesMsPerOperation":[0.00675583203125,0.006694294433593749,0.006735766357421875,0.006708444091796875,0.0065055249023437504,0.00648332568359375,0.0064810849609374995,0.006394521728515625,0.0065883884277343745,0.006357368164062499,0.00648356787109375,0.0064406599121093755,0.006377753662109375,0.00655258984375,0.006785979980468751,0.0066140222167968745,0.006395981689453125,0.0065923576660156255,0.00640707666015625,0.00648144921875]},"aggregateSamplesMs":[172.78296,170.740303,169.20694,170.571698,172.459495,169.251235,169.961333,171.69573799999998,170.996775,169.46327,171.3058,172.39489999999998,169.036504,169.88034399999998,169.97416800000002,169.952558,171.638537,174.601117,169.387186,173.357298],"count":1000000,"checksum":499999500000,"openBaselineRssBytes":12685312,"workloadPeakRssBytes":14389248,"workloadDeltaRssBytes":1703936,"retainedRssBytes":1703936,"baselineBreakdown":{"anonymousRssBytes":4173824,"fileBackedRssBytes":8650752,"heapMappingRssBytes":86016,"databaseMappedRssBytes":0},"retainedBreakdown":{"anonymousRssBytes":5292032,"fileBackedRssBytes":9306112,"heapMappingRssBytes":1200128,"databaseMappedRssBytes":0},"retainedDeltaBreakdown":{"anonymousRssBytes":1118208,"fileBackedRssBytes":655360,"heapMappingRssBytes":1114112,"databaseMappedRssBytes":0},"processDelta":{"readBytes":0,"writeBytes":0,"minorFaults":285,"majorFaults":0}},"reopenVerified":true,"storageBytes":275365888}
