{"schema":"vicia.ref-db-bench.v5","engine":"vicia","role":"bi-temporal Datalog product","executionBoundary":"engineAggregate","facts":1000000,"repetitions":20,"trial":2,"seed":2026071403,"orderPosition":5,"adapterSchema":"EAV ledger fact: entity + attribute + integer value + bi-temporal identity","semanticScope":"native bi-temporal current projection","durability":{"barrier":"checkpoint then close","batch":"1000 facts per ledger transaction"},"runtimeVersion":null,"build":{"elapsedMs":5940.54092,"baselineRssBytes":11010048,"peakRssBytes":537358336,"processDelta":{"readBytes":4096,"writeBytes":340353024,"minorFaults":144922,"majorFaults":0}},"query":{"openMs":0.758047,"firstReadMs":0.084557,"pointHot":{"operationsPerSample":8192,"samplesMsPerOperation":[0.004816431762695313,0.004578235595703125,0.0046551107177734375,0.004583539428710938,0.0047931729736328125,0.00445573974609375,0.0044356663818359374,0.0045857761230468745,0.004481681884765625,0.004510513549804688,0.004444523681640625,0.004398479248046875,0.004388731201171875,0.004515254760742187,0.0044748082275390625,0.004380932250976563,0.0044471025390625,0.0044129351806640625,0.004433239990234375,0.004476309204101562]},"pointDistributed":{"operationsPerSample":4096,"samplesMsPerOperation":[0.0096858701171875,0.00963074853515625,0.0094601533203125,0.010061447753906253,0.00967738330078125,0.009651273193359376,0.009764708251953124,0.009653294189453125,0.009967406982421876,0.009586809326171876,0.009989385253906248,0.00953120654296875,0.00966029150390625,0.009930230712890623,0.00966398388671875,0.009473529296875,0.0095304326171875,0.0098499990234375,0.009479004638671877,0.009422466796875]},"pointMiss":{"operationsPerSample":4096,"samplesMsPerOperation":[0.007265655273437499,0.007289251953125,0.007120549560546875,0.0071307495117187494,0.007210120361328125,0.0083343291015625,0.007468320068359375,0.007263856689453126,0.00712058349609375,0.007404318115234375,0.00748664013671875,0.00726197119140625,0.007430484619140625,0.007423014404296875,0.007153685791015624,0.0073987177734375,0.007171120605468749,0.0074772678222656255,0.007115453369140625,0.0073517497558593745]},"aggregateSamplesMs":[168.677254,166.651719,168.398707,167.164772,168.700084,169.242412,166.12449600000002,165.24672800000002,167.925425,174.100667,167.176975,166.56854099999998,170.301622,167.770073,169.771852,173.66399199999998,180.44531,182.814017,182.274887,182.979217],"count":1000000,"checksum":499999500000,"openBaselineRssBytes":12685312,"workloadPeakRssBytes":14520320,"workloadDeltaRssBytes":1835008,"retainedRssBytes":1835008,"baselineBreakdown":{"anonymousRssBytes":4173824,"fileBackedRssBytes":8777728,"heapMappingRssBytes":86016,"databaseMappedRssBytes":0},"retainedBreakdown":{"anonymousRssBytes":5292032,"fileBackedRssBytes":9498624,"heapMappingRssBytes":1200128,"databaseMappedRssBytes":0},"retainedDeltaBreakdown":{"anonymousRssBytes":1118208,"fileBackedRssBytes":720896,"heapMappingRssBytes":1114112,"databaseMappedRssBytes":0},"processDelta":{"readBytes":0,"writeBytes":0,"minorFaults":286,"majorFaults":0}},"reopenVerified":true,"storageBytes":275365888}
