{
  "schema": "vicia.projection-tail-overlay.v1",
  "profile": "full",
  "facts": 1000000,
  "tailFacts": 1024,
  "trials": 10,
  "admissionEligible": true,
  "sourceCommit": "b11d4faa6b0217ac06b317c3b55f28a402d02c58",
  "trackedClean": true,
  "fixture": {
    "schema": "vicia.temporal-projection-fixture.v1",
    "facts": 1000000,
    "fillPercent": 90,
    "bytes": 247562240,
    "sha256": "9878040a17337bfcae48ef252416301da3314934ff8055d8548ce496e5848f21",
    "formatVersion": 12,
    "builderSourceCommit": "b11d4faa6b0217ac06b317c3b55f28a402d02c58",
    "builderTrackedClean": true
  },
  "expectedCount": 501024,
  "expectedChecksum": 251023773776,
  "observedCount": 501024,
  "observedChecksum": 251023773776,
  "refreshElapsedMs": 128.586083,
  "noTail": {
    "samplesMs": [
      113.612229,
      113.639825,
      113.70483100000001,
      113.86784899999999,
      116.022852,
      116.308183,
      117.334093,
      117.603557,
      118.191445,
      118.59325
    ],
    "p50Ms": 116.308183,
    "p95Ms": 118.59325
  },
  "residentTail": {
    "samplesMs": [
      118.21169400000001,
      119.319192,
      119.61071199999999,
      119.864571,
      120.538797,
      120.684828,
      122.289738,
      123.461322,
      124.121128,
      130.061612
    ],
    "p50Ms": 120.684828,
    "p95Ms": 130.061612
  },
  "refreshDiagnostics": {
    "routeAttempts": 1,
    "completedScans": 1,
    "corruptCandidates": 0,
    "ledgerFallbacks": 0,
    "pagesRead": 4036,
    "rowsScanned": 500000,
    "rowsEmitted": 500000,
    "fullImageDecodes": 0,
    "tailRouteAttempts": 1,
    "tailCacheHits": 0,
    "tailRefreshes": 1,
    "tailFactsVisited": 1024,
    "tailEntitiesRebuilt": 1024,
    "tailHistoryEntries": 1024,
    "tailOverlayRows": 1024,
    "tailOverlayBytes": 173073,
    "tailBudgetFallbacks": 0,
    "baseRowsSuppressed": 0,
    "overlayRowsEmitted": 1024
  },
  "cachedDiagnostics": {
    "routeAttempts": 1,
    "completedScans": 1,
    "corruptCandidates": 0,
    "ledgerFallbacks": 0,
    "pagesRead": 4036,
    "rowsScanned": 500000,
    "rowsEmitted": 500000,
    "fullImageDecodes": 0,
    "tailRouteAttempts": 1,
    "tailCacheHits": 1,
    "tailRefreshes": 0,
    "tailFactsVisited": 0,
    "tailEntitiesRebuilt": 0,
    "tailHistoryEntries": 0,
    "tailOverlayRows": 1024,
    "tailOverlayBytes": 173073,
    "tailBudgetFallbacks": 0,
    "baseRowsSuppressed": 0,
    "overlayRowsEmitted": 1024
  },
  "peakQueryRssDeltaBytes": 0,
  "gates": {
    "exact": true,
    "routed": true,
    "pageBacked": true,
    "p50": true,
    "noTailRelative": true,
    "tail": true,
    "queryRss": true
  },
  "admitted": true,
  "fileFormatChanged": false,
  "publicApiChanged": false,
  "arbitraryDatalogRoutingChanged": false
}
