{"schema":"vicia.ref-db-bench.v3","engine":"cozo","role":"embedded Datalog peer","executionBoundary":"engineAggregate","facts":1000000,"buildMs":8247.590459,"readMs":0.185011,"aggregateSamplesMs":[393.646462,391.568712,394.613203,389.40277499999996,384.72442,395.76642899999996,391.31480200000004,385.620434,389.837218,398.95282,404.73452599999996,393.338806,391.435,407.77148800000003,414.159283,408.653958,400.987037,437.742954,424.50039400000003,408.15515899999997],"count":1000000,"checksum":499999500000,"memory":{"aggregateSamplesMs":[390.524766,385.239509,392.2564579999999,385.918925,394.220877,399.747667,417.230963,415.738895,392.737103,384.131744,399.401313,400.823433,378.230877,391.553592,384.41404,392.821993,394.794939,400.575293,373.356364,414.092865],"count":1000000,"checksum":499999500000,"openBaselineRssBytes":14680064,"workloadPeakRssBytes":19660800,"workloadDeltaRssBytes":4980736,"retainedRssBytes":4980736,"baselineBreakdown":{"anonymousRssBytes":4206592,"fileBackedRssBytes":10657792,"heapMappingRssBytes":389120,"databaseMappedRssBytes":0},"retainedBreakdown":{"anonymousRssBytes":6537216,"fileBackedRssBytes":13672448,"heapMappingRssBytes":2371584,"databaseMappedRssBytes":0},"retainedDeltaBreakdown":{"anonymousRssBytes":2330624,"fileBackedRssBytes":3014656,"heapMappingRssBytes":1982464,"databaseMappedRssBytes":0}},"storageBytes":81993728}
