{"schema":"vicia.ref-db-bench.v3","engine":"fjall","role":"LSM KV storage floor","executionBoundary":"ownedResultScan","facts":1000000,"buildMs":445.823488,"readMs":0.041661,"aggregateSamplesMs":[121.969152,125.20173400000002,168.11472899999998,156.963629,147.267265,148.911579,150.249612,147.059644,149.97338299999998,151.454856,149.292147,150.795801,153.169296,150.843601,146.18515200000002,149.906441,151.09847000000002,147.482002,145.681917,144.98966099999998],"count":1000000,"checksum":499999500000,"memory":{"aggregateSamplesMs":[236.115404,220.332224,215.817216,217.713918,219.019155,214.104967,219.721762,213.541681,217.202892,213.390501,220.830807,212.27028,218.524744,213.678174,221.625941,219.37633,228.923795,211.369064,219.579367,214.708113],"count":1000000,"checksum":499999500000,"openBaselineRssBytes":113639424,"workloadPeakRssBytes":127926272,"workloadDeltaRssBytes":14286848,"retainedRssBytes":14286848,"baselineBreakdown":{"anonymousRssBytes":105435136,"fileBackedRssBytes":8482816,"heapMappingRssBytes":101564416,"databaseMappedRssBytes":0},"retainedBreakdown":{"anonymousRssBytes":119906304,"fileBackedRssBytes":8482816,"heapMappingRssBytes":116035584,"databaseMappedRssBytes":0},"retainedDeltaBreakdown":{"anonymousRssBytes":14471168,"fileBackedRssBytes":0,"heapMappingRssBytes":14471168,"databaseMappedRssBytes":0}},"storageBytes":52458797}
