{"schema":"vicia.ref-db-bench.v3","engine":"grafeo","role":"embedded graph query peer","executionBoundary":"engineAggregate","facts":1000000,"buildMs":12903.754733,"readMs":728.204243,"aggregateSamplesMs":[867.7666750000001,889.8879280000001,897.362691,851.3596100000001,917.710695,870.26224,867.0835460000001,826.9466749999999,896.126309,916.9692299999999,878.095698,875.88091,889.779907,849.67257,850.916987,879.603789,856.985908,885.698055,872.249856,884.486624],"count":1000000,"checksum":499999500000,"memory":{"aggregateSamplesMs":[882.592955,833.477443,854.53238,830.4169529999999,892.969155,841.2169769999999,871.0691149999999,902.953416,1073.376979,1046.271912,888.018955,922.685626,906.755848,957.247792,972.606263,923.816233,877.5690229999999,859.8969079999999,863.456177,894.118216],"count":1000000,"checksum":499999500000,"openBaselineRssBytes":698769408,"workloadPeakRssBytes":1058922496,"workloadDeltaRssBytes":360153088,"retainedRssBytes":2097152,"baselineBreakdown":{"anonymousRssBytes":689074176,"fileBackedRssBytes":9859072,"heapMappingRssBytes":290983936,"databaseMappedRssBytes":0},"retainedBreakdown":{"anonymousRssBytes":689098752,"fileBackedRssBytes":12021760,"heapMappingRssBytes":290983936,"databaseMappedRssBytes":0},"retainedDeltaBreakdown":{"anonymousRssBytes":24576,"fileBackedRssBytes":2162688,"heapMappingRssBytes":0,"databaseMappedRssBytes":0}},"storageBytes":72473722}
