{"schema":"vicia.ref-db-bench.v3","engine":"redb","role":"B-tree KV storage floor","executionBoundary":"ownedResultScan","facts":1000000,"buildMs":2106.518211,"readMs":0.004086,"aggregateSamplesMs":[48.400177,54.189015,49.461751,49.469053,50.385028999999996,52.642897,48.976183999999996,48.600972,47.873593,47.728635,50.925123,47.372592,49.000186,48.530631,49.416326,53.731962,51.143059,51.791046,50.300679,54.147053],"count":1000000,"checksum":499999500000,"memory":{"aggregateSamplesMs":[83.280231,51.646456,48.637902,52.284285,47.95133,48.779669,49.396068,49.868264,48.990004,47.904556,48.476722,48.443067,48.365188,51.709737,50.771193,48.751539,53.114215,57.486591,50.938823,50.590588],"count":1000000,"checksum":499999500000,"openBaselineRssBytes":11665408,"workloadPeakRssBytes":45744128,"workloadDeltaRssBytes":34078720,"retainedRssBytes":34078720,"baselineBreakdown":{"anonymousRssBytes":3936256,"fileBackedRssBytes":8069120,"heapMappingRssBytes":122880,"databaseMappedRssBytes":0},"retainedBreakdown":{"anonymousRssBytes":37806080,"fileBackedRssBytes":8134656,"heapMappingRssBytes":33992704,"databaseMappedRssBytes":0},"retainedDeltaBreakdown":{"anonymousRssBytes":33869824,"fileBackedRssBytes":65536,"heapMappingRssBytes":33869824,"databaseMappedRssBytes":0}},"storageBytes":40636416}
