{"schema":"vicia.ref-db-bench.v3","engine":"turso","role":"embedded SQL peer","executionBoundary":"engineAggregate","facts":1000000,"buildMs":7266.044844,"readMs":0.133432,"aggregateSamplesMs":[88.46462600000001,80.142062,85.243042,88.07677899999999,94.061467,88.078128,79.94839300000001,90.030611,81.19264,80.329412,93.682342,79.662848,90.539705,85.242608,83.928112,79.603747,82.320993,82.051194,92.725677,81.450438],"count":1000000,"checksum":499999500000,"memory":{"aggregateSamplesMs":[93.802624,92.501971,80.618572,86.19666400000001,81.419438,82.376015,82.20243400000001,88.21847,82.824669,80.137701,84.815101,85.161658,86.473487,81.675223,81.653691,93.478369,83.63757,79.219207,95.154891,102.191723],"count":1000000,"checksum":499999500000,"openBaselineRssBytes":19443712,"workloadPeakRssBytes":30453760,"workloadDeltaRssBytes":11010048,"retainedRssBytes":11010048,"baselineBreakdown":{"anonymousRssBytes":6160384,"fileBackedRssBytes":13451264,"heapMappingRssBytes":233472,"databaseMappedRssBytes":0},"retainedBreakdown":{"anonymousRssBytes":13836288,"fileBackedRssBytes":16801792,"heapMappingRssBytes":5820416,"databaseMappedRssBytes":0},"retainedDeltaBreakdown":{"anonymousRssBytes":7675904,"fileBackedRssBytes":3350528,"heapMappingRssBytes":5586944,"databaseMappedRssBytes":0}},"storageBytes":12125128}
