{"schema":"vicia.ref-db-bench.v3","engine":"vicia","role":"bi-temporal Datalog product","executionBoundary":"engineAggregate","facts":1000000,"buildMs":12779.001699,"readMs":0.241036,"aggregateSamplesMs":[1168.539445,1193.47899,1146.0700550000001,1175.050597,1163.358156,1148.1435900000001,1178.2783960000002,1172.215273,1182.556153,1200.853376,1163.787724,1155.966758,1173.360864,1185.591445,1164.942873,1203.70595,1172.886903,1162.853903,1177.8757930000002,1158.837088],"count":1000000,"checksum":499999500000,"memory":{"aggregateSamplesMs":[1639.0711439999998,1637.152087,1631.1713430000002,1613.759079,1589.413654,1657.700849,1719.244766,1639.106035,1618.10959,1598.467801,1623.9421410000002,1698.4059550000002,1614.930419,1608.105424,1650.508512,1647.7081500000002,1616.360303,1681.4212670000002,1602.109564,1636.030919],"count":1000000,"checksum":499999500000,"openBaselineRssBytes":12361728,"workloadPeakRssBytes":411676672,"workloadDeltaRssBytes":399314944,"retainedRssBytes":82714624,"baselineBreakdown":{"anonymousRssBytes":4243456,"fileBackedRssBytes":8298496,"heapMappingRssBytes":86016,"databaseMappedRssBytes":0},"retainedBreakdown":{"anonymousRssBytes":86650880,"fileBackedRssBytes":8970240,"heapMappingRssBytes":82489344,"databaseMappedRssBytes":0},"retainedDeltaBreakdown":{"anonymousRssBytes":82407424,"fileBackedRssBytes":671744,"heapMappingRssBytes":82403328,"databaseMappedRssBytes":0}},"storageBytes":354775040}
