{
  "schema": "vicia.leaf-read-path.v1",
  "profile": "full",
  "facts": 1000000,
  "sourceCommit": "a2b1a27f1d970ae9a9641873ce253c0998c39f1b",
  "sourceDirty": false,
  "fixture": {
    "path": "/home/upopo/projects/vicia-db/.worktrees/v12-prefix-leaf/target/leaf-read-path/shared/fill-90-v12-1000000.graph",
    "bytes": 278089728,
    "sha256": "d24db31efb8791bd643ef2a53bf5060b9be94a82394226b600e23c1f4a016784",
    "fillPercent": 90,
    "formatVersion": 12
  },
  "point": {
    "samplesMsPerOperation": [
      0.013749845,
      0.011663425,
      0.011668844999999999,
      0.011464649999999998,
      0.011816845,
      0.014280325,
      0.015844355,
      0.013487465,
      0.011518265000000001,
      0.011305049999999999,
      0.012304665,
      0.011955555,
      0.011676530000000001,
      0.012045204999999998,
      0.011287319999999998,
      0.011426785,
      0.01144471,
      0.011414775000000002,
      0.011457920000000002,
      0.01723512
    ],
    "rawSingleQuerySamplesMs": [
      0.011651000000000002,
      0.011278999999999999,
      0.011169,
      0.011199,
      0.01144,
      0.011079,
      0.016964,
      0.011059000000000001,
      0.011541000000000001,
      0.011309,
      0.011149,
      0.011953,
      0.011541000000000001,
      0.01153,
      0.011158999999999999,
      0.011349999999999999,
      0.011239,
      0.010978,
      0.011169,
      0.01133
    ],
    "diagnostics": {
      "internalPagesVisited": 3,
      "leafPagesVisited": 1,
      "rawLeafPagesVisited": 1,
      "prefixLeafPagesVisited": 0,
      "leafEntriesAvailable": 51,
      "leafEntriesDecoded": 7,
      "leafEntriesEmitted": 1,
      "leafEntriesSkipped": 25,
      "lowerBoundKeyComparisons": 5,
      "prefixRestartBlocksReconstructed": 0,
      "prefixEntriesReconstructed": 0,
      "reconstructedKeyBytes": 0,
      "fullLeafVecPeakEntries": 0,
      "fullLeafVecPeakStructBytes": 0,
      "fullLeafVecPeakDecodedPayloadBytes": 0,
      "rawDecodeElapsedNs": 1274,
      "prefixDecodeElapsedNs": 0,
      "earlyStopCount": 0,
      "leafBoundaryTransitions": 0,
      "aevtProjectionDecodes": 0,
      "projectedAevtEmitted": 0,
      "borrowedAttributeBytes": 0,
      "borrowedValueBytes": 0,
      "projectedOwnedAevtDecodes": 0,
      "resumeKeyMaterializations": 0,
      "resumeKeyBufferReuses": 0
    }
  },
  "aggregate": {
    "samplesMs": [
      446.135999,
      414.98420200000004,
      417.51786200000004,
      407.86578299999996,
      413.712563,
      417.19789499999996,
      414.84043599999995,
      428.26399399999997,
      414.914865,
      417.338716,
      425.60773800000004,
      405.014412,
      433.585687,
      408.333016,
      406.05870799999997,
      400.587373,
      399.67103,
      406.92279399999995,
      396.01744,
      400.832513
    ],
    "count": 1000000,
    "checksum": 499999500000,
    "openBaselineRssBytes": 3043328,
    "workloadPeakRssBytes": 4354048,
    "workloadDeltaRssBytes": 1310720,
    "diagnostics": {
      "internalPagesVisited": 3,
      "leafPagesVisited": 16667,
      "rawLeafPagesVisited": 0,
      "prefixLeafPagesVisited": 16667,
      "leafEntriesAvailable": 1000000,
      "leafEntriesDecoded": 1000003,
      "leafEntriesEmitted": 1000000,
      "leafEntriesSkipped": 0,
      "lowerBoundKeyComparisons": 3,
      "prefixRestartBlocksReconstructed": 66670,
      "prefixEntriesReconstructed": 1000003,
      "reconstructedKeyBytes": 66864577,
      "fullLeafVecPeakEntries": 0,
      "fullLeafVecPeakStructBytes": 0,
      "fullLeafVecPeakDecodedPayloadBytes": 0,
      "rawDecodeElapsedNs": 0,
      "prefixDecodeElapsedNs": 132585442,
      "earlyStopCount": 0,
      "leafBoundaryTransitions": 16666,
      "aevtProjectionDecodes": 1000003,
      "projectedAevtEmitted": 1000000,
      "borrowedAttributeBytes": 11000033,
      "borrowedValueBytes": 9000027,
      "projectedOwnedAevtDecodes": 0,
      "resumeKeyMaterializations": 0,
      "resumeKeyBufferReuses": 0
    }
  }
}
