{"schema":"vicia.temporal-current-projection.v1","facts":1000000,"samples":20,"graphBytes":247562240,"validTimeFloor":1735689599999,"probes":[{"name":"beforeBoundary","validAt":1735689599999,"baseline":{"samplesMs":[233.571653,234.862518,234.886219,235.054913,235.897328,236.413057,236.524048,236.797297,236.90055700000002,237.48620300000002,237.713191,238.737578,239.29806100000002,240.247858,240.887949,241.251801,241.46949,245.54609299999998,255.568425,270.498346],"p50Ms":237.713191,"p95Ms":270.498346,"count":500000,"checksum":249999500000},"projection":{"samplesMs":[9.005747,9.023232,9.026126000000001,9.033169000000001,9.033710000000001,9.061397000000001,9.112933,9.130499,9.201545,9.222978999999999,9.257189,9.276423000000001,9.280706,9.311444999999999,9.318143,9.340506999999999,9.371937,9.409595999999999,9.918223000000001,10.111866000000001],"p50Ms":9.257189,"p95Ms":10.111866000000001,"count":500000,"checksum":249999500000}},{"name":"atBoundary","validAt":1735689600000,"baseline":{"samplesMs":[249.314074,249.630216,249.841804,249.978177,252.100181,252.79203099999998,252.87761199999997,252.91765700000002,252.93496599999997,253.50925,253.63594,253.78287500000002,255.235906,255.91698000000002,258.428488,258.858986,260.507242,261.091593,261.28696299999996,267.10436500000003],"p50Ms":253.63594,"p95Ms":267.10436500000003,"count":750000,"checksum":374999500000},"projection":{"samplesMs":[9.426233,9.455286000000001,9.459912,9.463167,9.475844,9.533572000000001,9.547694,9.566193,9.571156,9.628675,9.654167,9.669992,9.670777000000001,9.67515,9.684185999999999,9.750096999999998,9.846542,9.884409999999999,9.926181,10.684993],"p50Ms":9.654167,"p95Ms":10.684993,"count":750000,"checksum":374999500000}},{"name":"afterBoundary","validAt":1735689600002,"baseline":{"samplesMs":[233.88455299999998,233.918173,234.544312,235.689655,236.037038,237.026903,237.198387,237.773076,237.924296,239.870319,240.360516,240.634135,242.36981799999998,243.039055,244.291785,244.392207,246.13349300000002,246.806677,248.87615399999999,258.65707100000003],"p50Ms":240.360516,"p95Ms":258.65707100000003,"count":500000,"checksum":249999250000},"projection":{"samplesMs":[9.017325,9.060364,9.072263000000001,9.089035,9.090859,9.093805,9.136424,9.159521999999999,9.209664,9.239814,9.244755,9.244953,9.292613999999999,9.296667,9.30393,9.369335,9.383082,9.490925,9.731853000000001,9.816334],"p50Ms":9.244755,"p95Ms":9.816334,"count":500000,"checksum":249999250000}}],"projection":{"buildMs":438.063486,"accountedBytes":34603025,"imageRatio":0.1397750521242658,"residentRssDeltaBytes":34865152,"queryRssDeltaBytes":131072,"rowCount":1000000,"fingerprint":"37a7869900e4b1b4","shape":{"distinctWindows":500002,"validFromPayloadBytes":2097152,"validToPayloadBytes":2097152,"temporalPayloadBytes":4194304}},"incremental":{"staleReadRejected":true,"refreshMs":0.090757,"refresh":{"tailFactsVisited":1,"touchedEntities":1,"replacementRows":1,"publicationGeneration":4,"txCount":1001},"count":500001,"checksum":250000250000,"deterministicRebuild":true,"checkpointStaleReadRejected":true,"checkpointRefresh":{"tailFactsVisited":0,"touchedEntities":0,"replacementRows":0,"publicationGeneration":6,"txCount":1001},"preFloorRejected":true,"noWriteBoundaryTransition":true,"productionCheckpointPathChanged":false},"semantics":{"allValueTypes":true,"refValue":true,"boundaryStartInclusive":true,"boundaryEndExclusive":true,"overlappingWindows":true,"scopedRetract":true,"unscopedRetract":true,"futureWindowRetained":true,"preFloorRejected":true,"staleReadRejected":true,"checkpointInvalidation":true,"deterministicRebuild":true},"provenance":{"fileFormatChanged":false,"productionQueryRoutingChanged":false,"publicApiChanged":false,"sourceCommit":"96980b58110334562db15d36f4bdd73058658266","sourceDirty":false}}
